Tender ID,Tender Title,TENDERING AUTHORITY,PROVINCE,Closing Date,Price Evaluation ratio,Quality Evaluation ratio,Other Evaluation ratio,Lot Number,Unique Lot ID,Generic name,Lot Title,Quantity,Source URL
3558-24-LE23,Adquisición De Medicamentos Departamento De Salud,I MUNICIPALIDAD DE PENCAHUE,Región del Maule,18-07-2023 12:15:00,40.0,30.0,30,1,51102301,Aciclovir,Aciclovir 400 mg comprimidos,2000,https://www.mercadopublico.cl/Procurement/Modules/RFB/DetailsAcquisition.aspx?qs=ggvuv/L94RlA88n0ZHI4GQ==
3558-24-LE23,Adquisición De Medicamentos Departamento De Salud,I MUNICIPALIDAD DE PENCAHUE,Región del Maule,18-07-2023 12:15:00,40.0,30.0,30,2,51191905,Suplementos vitamínicos,Acido Fólico 5 mg Comprimidos,1500,https://www.mercadopublico.cl/Procurement/Modules/RFB/DetailsAcquisition.aspx?qs=ggvuv/L94RlA88n0ZHI4GQ==
3558-24-LE23,Adquisición De Medicamentos Departamento De Salud,I MUNICIPALIDAD DE PENCAHUE,Región del Maule,18-07-2023 12:15:00,40.0,30.0,30,3,51131808,Ácido aminocaproico,Acido Tranexámico 1000 Mg/ 10 Ml solución Inyectable,10,https://www.mercadopublico.cl/Procurement/Modules/RFB/DetailsAcquisition.aspx?qs=ggvuv/L94RlA88n0ZHI4GQ==
3558-24-LE23,Adquisición De Medicamentos Departamento De Salud,I MUNICIPALIDAD DE PENCAHUE,Región del Maule,18-07-2023 12:15:00,40.0,30.0,30,4,51141531,Ácido valproico,Acido valproico 200 Mg Comprimidos,12000,https://www.mercadopublico.cl/Procurement/Modules/RFB/DetailsAcquisition.aspx?qs=ggvuv/L94RlA88n0ZHI4GQ==
3558-24-LE23,Adquisición De Medicamentos Departamento De Salud,I MUNICIPALIDAD DE PENCAHUE,Región del Maule,18-07-2023 12:15:00,40.0,30.0,30,5,51241213,Preparado tópico de alquitrán de madera,Adapaleno 0.1 % Gel Tópico,10,https://www.mercadopublico.cl/Procurement/Modules/RFB/DetailsAcquisition.aspx?qs=ggvuv/L94RlA88n0ZHI4GQ==
3558-24-LE23,Adquisición De Medicamentos Departamento De Salud,I MUNICIPALIDAD DE PENCAHUE,Región del Maule,18-07-2023 12:15:00,40.0,30.0,30,6,51121501,Adenosina,Adenosina 6 Mg/ 2 ml Solución Inyectable,18,https://www.mercadopublico.cl/Procurement/Modules/RFB/DetailsAcquisition.aspx?qs=ggvuv/L94RlA88n0ZHI4GQ==
3558-24-LE23,Adquisición De Medicamentos Departamento De Salud,I MUNICIPALIDAD DE PENCAHUE,Región del Maule,18-07-2023 12:15:00,40.0,30.0,30,7,51121511,Clorhidrato de amiodarona,Amiodarona clorhidrato 150 Mg/ 3 Ml Solución Inyectable,100,https://www.mercadopublico.cl/Procurement/Modules/RFB/DetailsAcquisition.aspx?qs=ggvuv/L94RlA88n0ZHI4GQ==
3558-24-LE23,Adquisición De Medicamentos Departamento De Salud,I MUNICIPALIDAD DE PENCAHUE,Región del Maule,18-07-2023 12:15:00,40.0,30.0,30,8,51101511,Amoxicilina,Amoxicilina 250 mg/5ml polvo para suspensión oral,320,https://www.mercadopublico.cl/Procurement/Modules/RFB/DetailsAcquisition.aspx?qs=ggvuv/L94RlA88n0ZHI4GQ==
3558-24-LE23,Adquisición De Medicamentos Departamento De Salud,I MUNICIPALIDAD DE PENCAHUE,Región del Maule,18-07-2023 12:15:00,40.0,30.0,30,9,51151616,Atropina,Atropina Sulfato 1 Mg / 1 Ml Solución inyectable,100,https://www.mercadopublico.cl/Procurement/Modules/RFB/DetailsAcquisition.aspx?qs=ggvuv/L94RlA88n0ZHI4GQ==
3558-24-LE23,Adquisición De Medicamentos Departamento De Salud,I MUNICIPALIDAD DE PENCAHUE,Región del Maule,18-07-2023 12:15:00,40.0,30.0,30,10,51181701,Betametasona,Betametasona fosfato disódico 4 Mg/Ml Solución Inyectable,1000,https://www.mercadopublico.cl/Procurement/Modules/RFB/DetailsAcquisition.aspx?qs=ggvuv/L94RlA88n0ZHI4GQ==
3558-24-LE23,Adquisición De Medicamentos Departamento De Salud,I MUNICIPALIDAD DE PENCAHUE,Región del Maule,18-07-2023 12:15:00,40.0,30.0,30,11,51182403,Gluconato de calcio,Calcio Gluconato Granulado 10% frasco 100 Gr.,20,https://www.mercadopublico.cl/Procurement/Modules/RFB/DetailsAcquisition.aspx?qs=ggvuv/L94RlA88n0ZHI4GQ==
3558-24-LE23,Adquisición De Medicamentos Departamento De Salud,I MUNICIPALIDAD DE PENCAHUE,Región del Maule,18-07-2023 12:15:00,40.0,30.0,30,12,51121709,Carvedilol,Carvedilol 12.5 Mg comprimidos,20000,https://www.mercadopublico.cl/Procurement/Modules/RFB/DetailsAcquisition.aspx?qs=ggvuv/L94RlA88n0ZHI4GQ==
3558-24-LE23,Adquisición De Medicamentos Departamento De Salud,I MUNICIPALIDAD DE PENCAHUE,Región del Maule,18-07-2023 12:15:00,40.0,30.0,30,13,51121709,Carvedilol,Carvedilol 6.25 Mg Comprimidos,8000,https://www.mercadopublico.cl/Procurement/Modules/RFB/DetailsAcquisition.aspx?qs=ggvuv/L94RlA88n0ZHI4GQ==
3558-24-LE23,Adquisición De Medicamentos Departamento De Salud,I MUNICIPALIDAD DE PENCAHUE,Región del Maule,18-07-2023 12:15:00,40.0,30.0,30,14,51142131,Celecoxib,Celecoxib 200 Mg Capsulas,8000,https://www.mercadopublico.cl/Procurement/Modules/RFB/DetailsAcquisition.aspx?qs=ggvuv/L94RlA88n0ZHI4GQ==
3558-24-LE23,Adquisición De Medicamentos Departamento De Salud,I MUNICIPALIDAD DE PENCAHUE,Región del Maule,18-07-2023 12:15:00,40.0,30.0,30,15,51191905,Suplementos vitamínicos,Cianocobalamina 100 Mcg/ Ml Solución Inyectable,100,https://www.mercadopublico.cl/Procurement/Modules/RFB/DetailsAcquisition.aspx?qs=ggvuv/L94RlA88n0ZHI4GQ==
3558-24-LE23,Adquisición De Medicamentos Departamento De Salud,I MUNICIPALIDAD DE PENCAHUE,Región del Maule,18-07-2023 12:15:00,40.0,30.0,30,16,51181742,Propionato de clobetasol,Clobetasol Propionato Crema 0.05% tubo 25 GR.,20,https://www.mercadopublico.cl/Procurement/Modules/RFB/DetailsAcquisition.aspx?qs=ggvuv/L94RlA88n0ZHI4GQ==
3558-24-LE23,Adquisición De Medicamentos Departamento De Salud,I MUNICIPALIDAD DE PENCAHUE,Región del Maule,18-07-2023 12:15:00,40.0,30.0,30,17,51131709,Bisulfato de clopidogrel,Clopidogrel 300 mg. Comprimidos,80,https://www.mercadopublico.cl/Procurement/Modules/RFB/DetailsAcquisition.aspx?qs=ggvuv/L94RlA88n0ZHI4GQ==
3558-24-LE23,Adquisición De Medicamentos Departamento De Salud,I MUNICIPALIDAD DE PENCAHUE,Región del Maule,18-07-2023 12:15:00,40.0,30.0,30,18,51161630,Maleato de clorfeniramina,Clorfenamina 2 Mg/ 5 Ml Jarabe,1200,https://www.mercadopublico.cl/Procurement/Modules/RFB/DetailsAcquisition.aspx?qs=ggvuv/L94RlA88n0ZHI4GQ==
3558-24-LE23,Adquisición De Medicamentos Departamento De Salud,I MUNICIPALIDAD DE PENCAHUE,Región del Maule,18-07-2023 12:15:00,40.0,30.0,30,19,51101512,Cloxacilina,Cloxacilina Sódica 500 Mg Comprimido o Capsula,1000,https://www.mercadopublico.cl/Procurement/Modules/RFB/DetailsAcquisition.aspx?qs=ggvuv/L94RlA88n0ZHI4GQ==
3558-24-LE23,Adquisición De Medicamentos Departamento De Salud,I MUNICIPALIDAD DE PENCAHUE,Región del Maule,18-07-2023 12:15:00,40.0,30.0,30,20,51181704,Dexametasona,Dexametasona Fosfato Sódico 4 mg / 1 ml Solución Oral,200,https://www.mercadopublico.cl/Procurement/Modules/RFB/DetailsAcquisition.aspx?qs=ggvuv/L94RlA88n0ZHI4GQ==
3558-24-LE23,Adquisición De Medicamentos Departamento De Salud,I MUNICIPALIDAD DE PENCAHUE,Región del Maule,18-07-2023 12:15:00,40.0,30.0,30,21,51142121,Diclofenaco,Diclofenaco Sódico 12.5 Mg. Supositorio,100,https://www.mercadopublico.cl/Procurement/Modules/RFB/DetailsAcquisition.aspx?qs=ggvuv/L94RlA88n0ZHI4GQ==
3558-24-LE23,Adquisición De Medicamentos Departamento De Salud,I MUNICIPALIDAD DE PENCAHUE,Región del Maule,18-07-2023 12:15:00,40.0,30.0,30,22,51121502,Digoxina,Digoxina 0.25 Mg Comprimidos,1000,https://www.mercadopublico.cl/Procurement/Modules/RFB/DetailsAcquisition.aspx?qs=ggvuv/L94RlA88n0ZHI4GQ==
3558-24-LE23,Adquisición De Medicamentos Departamento De Salud,I MUNICIPALIDAD DE PENCAHUE,Región del Maule,18-07-2023 12:15:00,40.0,30.0,30,23,51151737,Clorhidrato de dopamina,Dopamina 200 Mg 5 Ml Solución Inyectable,20,https://www.mercadopublico.cl/Procurement/Modules/RFB/DetailsAcquisition.aspx?qs=ggvuv/L94RlA88n0ZHI4GQ==
3558-24-LE23,Adquisición De Medicamentos Departamento De Salud,I MUNICIPALIDAD DE PENCAHUE,Región del Maule,18-07-2023 12:15:00,40.0,30.0,30,24,51121715,Enalapril,Enalapril 10 Mg Comprimidos,90000,https://www.mercadopublico.cl/Procurement/Modules/RFB/DetailsAcquisition.aspx?qs=ggvuv/L94RlA88n0ZHI4GQ==
3558-24-LE23,Adquisición De Medicamentos Departamento De Salud,I MUNICIPALIDAD DE PENCAHUE,Región del Maule,18-07-2023 12:15:00,40.0,30.0,30,25,51151703,Epinefrina,Epinefrina 1 Mg/ 1 Ml Solución Inyectable,100,https://www.mercadopublico.cl/Procurement/Modules/RFB/DetailsAcquisition.aspx?qs=ggvuv/L94RlA88n0ZHI4GQ==
3558-24-LE23,Adquisición De Medicamentos Departamento De Salud,I MUNICIPALIDAD DE PENCAHUE,Región del Maule,18-07-2023 12:15:00,40.0,30.0,30,26,51141810,Zopiclona,Eszopiclona 3 Mg Comprimidos,4000,https://www.mercadopublico.cl/Procurement/Modules/RFB/DetailsAcquisition.aspx?qs=ggvuv/L94RlA88n0ZHI4GQ==
3558-24-LE23,Adquisición De Medicamentos Departamento De Salud,I MUNICIPALIDAD DE PENCAHUE,Región del Maule,18-07-2023 12:15:00,40.0,30.0,30,27,51101807,Fluconazol,Fluconazol 150 Mg. Capsula,200,https://www.mercadopublico.cl/Procurement/Modules/RFB/DetailsAcquisition.aspx?qs=ggvuv/L94RlA88n0ZHI4GQ==
3558-24-LE23,Adquisición De Medicamentos Departamento De Salud,I MUNICIPALIDAD DE PENCAHUE,Región del Maule,18-07-2023 12:15:00,40.0,30.0,30,28,51211606,Flumazenil,Flumazenil 0.5 MG/ 5 Ml Solución Inyectable,10,https://www.mercadopublico.cl/Procurement/Modules/RFB/DetailsAcquisition.aspx?qs=ggvuv/L94RlA88n0ZHI4GQ==
3558-24-LE23,Adquisición De Medicamentos Departamento De Salud,I MUNICIPALIDAD DE PENCAHUE,Región del Maule,18-07-2023 12:15:00,40.0,30.0,30,29,51191601,Dextrosa,Glucosa al 5 % 250 Ml Solución Inyectable,20,https://www.mercadopublico.cl/Procurement/Modules/RFB/DetailsAcquisition.aspx?qs=ggvuv/L94RlA88n0ZHI4GQ==
3558-24-LE23,Adquisición De Medicamentos Departamento De Salud,I MUNICIPALIDAD DE PENCAHUE,Región del Maule,18-07-2023 12:15:00,40.0,30.0,30,30,51142106,Ibuprofeno,Ibuprofeno 200 Mg/ 5 Ml Suspensión Oral,500,https://www.mercadopublico.cl/Procurement/Modules/RFB/DetailsAcquisition.aspx?qs=ggvuv/L94RlA88n0ZHI4GQ==
3558-24-LE23,Adquisición De Medicamentos Departamento De Salud,I MUNICIPALIDAD DE PENCAHUE,Región del Maule,18-07-2023 12:15:00,40.0,30.0,30,31,51181506,Insulina,Insulina Retardada Humana 100 UI/ ML 10 Ml frasco ampolla,700,https://www.mercadopublico.cl/Procurement/Modules/RFB/DetailsAcquisition.aspx?qs=ggvuv/L94RlA88n0ZHI4GQ==
3558-24-LE23,Adquisición De Medicamentos Departamento De Salud,I MUNICIPALIDAD DE PENCAHUE,Región del Maule,18-07-2023 12:15:00,40.0,30.0,30,32,51161705,Bromuro de ipratropio,"Ipatropio Bromuro 0.25 Mg, 20 Ml. Solución Para Nebulización",10,https://www.mercadopublico.cl/Procurement/Modules/RFB/DetailsAcquisition.aspx?qs=ggvuv/L94RlA88n0ZHI4GQ==
3558-24-LE23,Adquisición De Medicamentos Departamento De Salud,I MUNICIPALIDAD DE PENCAHUE,Región del Maule,18-07-2023 12:15:00,40.0,30.0,30,33,51142123,Ketorolaco trometamol,Ketorolaco Trometamol 30 Mg./ 1 Ml Solución Inyectable,600,https://www.mercadopublico.cl/Procurement/Modules/RFB/DetailsAcquisition.aspx?qs=ggvuv/L94RlA88n0ZHI4GQ==
3558-24-LE23,Adquisición De Medicamentos Departamento De Salud,I MUNICIPALIDAD DE PENCAHUE,Región del Maule,18-07-2023 12:15:00,40.0,30.0,30,34,51151823,Clorhidrato de labetalol,Labetalol 100 Mg./ 20 Ml Solución Inyectable,5,https://www.mercadopublico.cl/Procurement/Modules/RFB/DetailsAcquisition.aspx?qs=ggvuv/L94RlA88n0ZHI4GQ==
3558-24-LE23,Adquisición De Medicamentos Departamento De Salud,I MUNICIPALIDAD DE PENCAHUE,Región del Maule,18-07-2023 12:15:00,40.0,30.0,30,35,51161606,Loratadina,Loratadina 10 Mg. Comprimidos,5000,https://www.mercadopublico.cl/Procurement/Modules/RFB/DetailsAcquisition.aspx?qs=ggvuv/L94RlA88n0ZHI4GQ==
3558-24-LE23,Adquisición De Medicamentos Departamento De Salud,I MUNICIPALIDAD DE PENCAHUE,Región del Maule,18-07-2023 12:15:00,40.0,30.0,30,36,51121710,Losartan potásico,Losartan 100 Mg Comprimidos,6000,https://www.mercadopublico.cl/Procurement/Modules/RFB/DetailsAcquisition.aspx?qs=ggvuv/L94RlA88n0ZHI4GQ==
3558-24-LE23,Adquisición De Medicamentos Departamento De Salud,I MUNICIPALIDAD DE PENCAHUE,Región del Maule,18-07-2023 12:15:00,40.0,30.0,30,37,51121710,Losartan potásico,Losartan 100 Mg Comprimidos,6000,https://www.mercadopublico.cl/Procurement/Modules/RFB/DetailsAcquisition.aspx?qs=ggvuv/L94RlA88n0ZHI4GQ==
3558-24-LE23,Adquisición De Medicamentos Departamento De Salud,I MUNICIPALIDAD DE PENCAHUE,Región del Maule,18-07-2023 12:15:00,40.0,30.0,30,38,51142210,Clorhidrato de etilmorfina,Morfina Clorhidrato 10 Mg./ 1 Ml Solución Inyectable,100,https://www.mercadopublico.cl/Procurement/Modules/RFB/DetailsAcquisition.aspx?qs=ggvuv/L94RlA88n0ZHI4GQ==
3558-24-LE23,Adquisición De Medicamentos Departamento De Salud,I MUNICIPALIDAD DE PENCAHUE,Región del Maule,18-07-2023 12:15:00,40.0,30.0,30,39,51211616,Antídotos,Naloxona 0.4 Mg/ 1 Ml Solución Inyectable,10,https://www.mercadopublico.cl/Procurement/Modules/RFB/DetailsAcquisition.aspx?qs=ggvuv/L94RlA88n0ZHI4GQ==
3558-24-LE23,Adquisición De Medicamentos Departamento De Salud,I MUNICIPALIDAD DE PENCAHUE,Región del Maule,18-07-2023 12:15:00,40.0,30.0,30,40,51121904,Nifedipina,Nifedipino Retard 20 Mg. Comprimidos,20000,https://www.mercadopublico.cl/Procurement/Modules/RFB/DetailsAcquisition.aspx?qs=ggvuv/L94RlA88n0ZHI4GQ==
3558-24-LE23,Adquisición De Medicamentos Departamento De Salud,I MUNICIPALIDAD DE PENCAHUE,Región del Maule,18-07-2023 12:15:00,40.0,30.0,30,41,51101815,Nistatina,Nistatina 100.000 UI Ungüento,50,https://www.mercadopublico.cl/Procurement/Modules/RFB/DetailsAcquisition.aspx?qs=ggvuv/L94RlA88n0ZHI4GQ==
3558-24-LE23,Adquisición De Medicamentos Departamento De Salud,I MUNICIPALIDAD DE PENCAHUE,Región del Maule,18-07-2023 12:15:00,40.0,30.0,30,42,51151703,Epinefrina,Norepinefrina 1 MG/ Ml Solución Inyectable,100,https://www.mercadopublico.cl/Procurement/Modules/RFB/DetailsAcquisition.aspx?qs=ggvuv/L94RlA88n0ZHI4GQ==
3558-24-LE23,Adquisición De Medicamentos Departamento De Salud,I MUNICIPALIDAD DE PENCAHUE,Región del Maule,18-07-2023 12:15:00,40.0,30.0,30,43,51171909,Omeprazol,Omeprazol 40 ml Frasco Ampolla,150,https://www.mercadopublico.cl/Procurement/Modules/RFB/DetailsAcquisition.aspx?qs=ggvuv/L94RlA88n0ZHI4GQ==
3558-24-LE23,Adquisición De Medicamentos Departamento De Salud,I MUNICIPALIDAD DE PENCAHUE,Región del Maule,18-07-2023 12:15:00,40.0,30.0,30,44,51161812,Combinación clorfeniramina-acetaminofeno,Paracetamol 80 Mg Comprimidos,8000,https://www.mercadopublico.cl/Procurement/Modules/RFB/DetailsAcquisition.aspx?qs=ggvuv/L94RlA88n0ZHI4GQ==
3558-24-LE23,Adquisición De Medicamentos Departamento De Salud,I MUNICIPALIDAD DE PENCAHUE,Región del Maule,18-07-2023 12:15:00,40.0,30.0,30,45,51101507,Penicilina,Penicilina G- Benzatina 1.200.000 UI. Frasco Ampolla,200,https://www.mercadopublico.cl/Procurement/Modules/RFB/DetailsAcquisition.aspx?qs=ggvuv/L94RlA88n0ZHI4GQ==
3558-24-LE23,Adquisición De Medicamentos Departamento De Salud,I MUNICIPALIDAD DE PENCAHUE,Región del Maule,18-07-2023 12:15:00,40.0,30.0,30,46,51101507,Penicilina,Penicilina G-sodica 2.000.000 UI frasco ampolla,50,https://www.mercadopublico.cl/Procurement/Modules/RFB/DetailsAcquisition.aspx?qs=ggvuv/L94RlA88n0ZHI4GQ==
3558-24-LE23,Adquisición De Medicamentos Departamento De Salud,I MUNICIPALIDAD DE PENCAHUE,Región del Maule,18-07-2023 12:15:00,40.0,30.0,30,47,51101507,Penicilina,Piridoxina Clorhidrato 100 MG 1 ML Solución Inyectable,200,https://www.mercadopublico.cl/Procurement/Modules/RFB/DetailsAcquisition.aspx?qs=ggvuv/L94RlA88n0ZHI4GQ==
3558-24-LE23,Adquisición De Medicamentos Departamento De Salud,I MUNICIPALIDAD DE PENCAHUE,Región del Maule,18-07-2023 12:15:00,40.0,30.0,30,48,51181713,Prednisona,Prednisona 20 Mg/ 5 Ml Suspensión Oral,200,https://www.mercadopublico.cl/Procurement/Modules/RFB/DetailsAcquisition.aspx?qs=ggvuv/L94RlA88n0ZHI4GQ==
3558-24-LE23,Adquisición De Medicamentos Departamento De Salud,I MUNICIPALIDAD DE PENCAHUE,Región del Maule,18-07-2023 12:15:00,40.0,30.0,30,49,53131609,Protector solar,"Protector solar de rostro SFP 50+ UVA/UVB, CON HIDRATACION INTENSA, OIL CONTROL, APTO PARA PIEL SECA, GRASA, SENSIBLE Y/O ATOPICA, CON TEXTURA ULTRA LIGERA.",15,https://www.mercadopublico.cl/Procurement/Modules/RFB/DetailsAcquisition.aspx?qs=ggvuv/L94RlA88n0ZHI4GQ==
3558-24-LE23,Adquisición De Medicamentos Departamento De Salud,I MUNICIPALIDAD DE PENCAHUE,Región del Maule,18-07-2023 12:15:00,40.0,30.0,30,50,51171904,Hidrocloruro de ranitidina,Ranitidina 50 Mg/ 2 Ml Solución Inyectable,800,https://www.mercadopublico.cl/Procurement/Modules/RFB/DetailsAcquisition.aspx?qs=ggvuv/L94RlA88n0ZHI4GQ==
3558-24-LE23,Adquisición De Medicamentos Departamento De Salud,I MUNICIPALIDAD DE PENCAHUE,Región del Maule,18-07-2023 12:15:00,40.0,30.0,30,51,51161508,Sulfato de salbutamol,Salbutamol 5 Mg/ Ml Solución para Nebulizar,20,https://www.mercadopublico.cl/Procurement/Modules/RFB/DetailsAcquisition.aspx?qs=ggvuv/L94RlA88n0ZHI4GQ==
3558-24-LE23,Adquisición De Medicamentos Departamento De Salud,I MUNICIPALIDAD DE PENCAHUE,Región del Maule,18-07-2023 12:15:00,40.0,30.0,30,52,51151916,Cloruro de succinilcolina,Succinilcolina 100 Mg 5 ML Solución Inyectable,10,https://www.mercadopublico.cl/Procurement/Modules/RFB/DetailsAcquisition.aspx?qs=ggvuv/L94RlA88n0ZHI4GQ==
3558-24-LE23,Adquisición De Medicamentos Departamento De Salud,I MUNICIPALIDAD DE PENCAHUE,Región del Maule,18-07-2023 12:15:00,40.0,30.0,30,53,51101818,Hidrocloruro de terbinafina,Terbinafina Tópica 1% Tubo 20 Gr.,30,https://www.mercadopublico.cl/Procurement/Modules/RFB/DetailsAcquisition.aspx?qs=ggvuv/L94RlA88n0ZHI4GQ==
3558-24-LE23,Adquisición De Medicamentos Departamento De Salud,I MUNICIPALIDAD DE PENCAHUE,Región del Maule,18-07-2023 12:15:00,40.0,30.0,30,54,51142235,Clorhidrato de tramadol,Tramadol Clorhidrato 100 Mg/ 10 Ml Frasco con dispensador de gotas,300,https://www.mercadopublico.cl/Procurement/Modules/RFB/DetailsAcquisition.aspx?qs=ggvuv/L94RlA88n0ZHI4GQ==
3558-24-LE23,Adquisición De Medicamentos Departamento De Salud,I MUNICIPALIDAD DE PENCAHUE,Región del Maule,18-07-2023 12:15:00,40.0,30.0,30,55,51141606,Hidrocloruro de trazodona,Trazodona 100 Mg Comprimidos,1000,https://www.mercadopublico.cl/Procurement/Modules/RFB/DetailsAcquisition.aspx?qs=ggvuv/L94RlA88n0ZHI4GQ==
3558-24-LE23,Adquisición De Medicamentos Departamento De Salud,I MUNICIPALIDAD DE PENCAHUE,Región del Maule,18-07-2023 12:15:00,40.0,30.0,30,56,51152004,Bromuro de vecuronio,Vecuronio Bromuro 10 Mg 2.5 Ml Solución Inyectable,10,https://www.mercadopublico.cl/Procurement/Modules/RFB/DetailsAcquisition.aspx?qs=ggvuv/L94RlA88n0ZHI4GQ==
3558-24-LE23,Adquisición De Medicamentos Departamento De Salud,I MUNICIPALIDAD DE PENCAHUE,Región del Maule,18-07-2023 12:15:00,40.0,30.0,30,57,51121707,Verapamilo,Verapamilo 5 Mg 2 Ml Solución Inyectable,50,https://www.mercadopublico.cl/Procurement/Modules/RFB/DetailsAcquisition.aspx?qs=ggvuv/L94RlA88n0ZHI4GQ==
3558-24-LE23,Adquisición De Medicamentos Departamento De Salud,I MUNICIPALIDAD DE PENCAHUE,Región del Maule,18-07-2023 12:15:00,40.0,30.0,30,58,51181516,Glibenclamida o gliburida,Vidagliptina 50 mg comprimidos,2500,https://www.mercadopublico.cl/Procurement/Modules/RFB/DetailsAcquisition.aspx?qs=ggvuv/L94RlA88n0ZHI4GQ==
3558-24-LE23,Adquisición De Medicamentos Departamento De Salud,I MUNICIPALIDAD DE PENCAHUE,Región del Maule,18-07-2023 12:15:00,40.0,30.0,30,59,51191905,Suplementos vitamínicos,"Vitamina B1, B6, B12 Solución Inyectable",1000,https://www.mercadopublico.cl/Procurement/Modules/RFB/DetailsAcquisition.aspx?qs=ggvuv/L94RlA88n0ZHI4GQ==
1058045-22-LP25,CONVENIO DE SUMINISTRO FÁRMACO BEVACIZUMAB 2.5 MG 01ML OFTÁLMICO,SERVICIO DE SALUD COQUIMBO HOSPITAL DE O,Región de Coquimbo,16-06-2025 15:25:00,60.0,,40,1,51201509,Daclizumab,"BEVACIZUMAB 2.5 MG /0,1ML OFTALMICO JER. PRELL. (SEGÚN BASES DE LICITACIÓN)",1,https://www.mercadopublico.cl/Procurement/Modules/RFB/DetailsAcquisition.aspx?qs=6rcV+8hp+7CKxmTwzrzflA==
1058095-113-LQ25,Convenio Denosumab 120MG y 60MG por 36 meses,COMPLEJO ASISTENCIAL DR. SOTERO DEL RIO,Región Metropolitana de Santiago,23-06-2025 15:30:00,,48.0,52,1,51111717,Trastuzumab,"50-219-100-262-00 DENOSUMAB 120 MG/1,7 ML",1,https://www.mercadopublico.cl/Procurement/Modules/RFB/DetailsAcquisition.aspx?qs=GcM/ceals3PB0lzHYzWvKw==
1058095-113-LQ25,Convenio Denosumab 120MG y 60MG por 36 meses,COMPLEJO ASISTENCIAL DR. SOTERO DEL RIO,Región Metropolitana de Santiago,23-06-2025 15:30:00,,48.0,52,2,51111717,Trastuzumab,50-219-100-114-00 DENOSUMAB 60 MG (JER),1,https://www.mercadopublico.cl/Procurement/Modules/RFB/DetailsAcquisition.aspx?qs=GcM/ceals3PB0lzHYzWvKw==
1058095-10-LR25,Convenio insulina glargina lápiz 3ML por 36 meses,COMPLEJO ASISTENCIAL DR. SOTERO DEL RIO,Región Metropolitana de Santiago,13-03-2025 15:00:00,,48.0,52,1,51181506,Insulina,50-216-700-014-00 INSULINA GLARGINA 100UI/ML LAPIZ DESECHABLE 3ML,1,https://www.mercadopublico.cl/Procurement/Modules/RFB/DetailsAcquisition.aspx?qs=h6qtyeuvrrXXXy1F7/2aYg==
1058014-17-LP25,PROGRAMACION COMPRAS MEDICAMENTOS AÑO 2025,SERVICIO DE SALUD ARAUCO HOSPITAL DE ARAUCO,Región del Biobío,10-07-2025 16:00:00,60.0,,40,1,51181506,Insulina,INSULINA GLARGINA 100 U.I/ML FRASCO AMPOLLA 10 ML (PRESCRIBE U.I) OBSERVACION: DESPACHO PARCIALIZADO SEGÚN REQUERIMIENTO DEL ESTABLECIMIENTO,600,https://www.mercadopublico.cl/Procurement/Modules/RFB/DetailsAcquisition.aspx?qs=+ZEhfRqAjz3exgGgMGU37w==
1058014-17-LP25,PROGRAMACION COMPRAS MEDICAMENTOS AÑO 2025,SERVICIO DE SALUD ARAUCO HOSPITAL DE ARAUCO,Región del Biobío,10-07-2025 16:00:00,60.0,,40,2,51181506,Insulina,INSULINA GLARGINA 100 U.I/ML LAPIZ PRELLENADO 3 ML OBSERVACION: DESPACHO PARCIALIZADO SEGÚN REQUERIMIENTO DEL ESTABLECIMIENTO,1200,https://www.mercadopublico.cl/Procurement/Modules/RFB/DetailsAcquisition.aspx?qs=+ZEhfRqAjz3exgGgMGU37w==
1058012-20-LR25,MEDICAMENTOS ONCOLOGICOS HCM 2026-2027,HOSPITAL CLINICO DE MAGALLANES DR. LAUTARO NAVARRO AVARIA,Región de Magallanes y de la Antártica,23-06-2025 15:01:00,60.0,,40,1,85121902,Farmacias,APALUTAMIDA 60 MG CM,11520,https://www.mercadopublico.cl/Procurement/Modules/RFB/DetailsAcquisition.aspx?qs=fWMM/JVMtnOGYQM8iW56WQ==
1058012-20-LR25,MEDICAMENTOS ONCOLOGICOS HCM 2026-2027,HOSPITAL CLINICO DE MAGALLANES DR. LAUTARO NAVARRO AVARIA,Región de Magallanes y de la Antártica,23-06-2025 15:01:00,60.0,,40,2,85121902,Farmacias,ASCIMINIB 40 MG CM,2880,https://www.mercadopublico.cl/Procurement/Modules/RFB/DetailsAcquisition.aspx?qs=fWMM/JVMtnOGYQM8iW56WQ==
1058012-20-LR25,MEDICAMENTOS ONCOLOGICOS HCM 2026-2027,HOSPITAL CLINICO DE MAGALLANES DR. LAUTARO NAVARRO AVARIA,Región de Magallanes y de la Antártica,23-06-2025 15:01:00,60.0,,40,3,85121902,Farmacias,ASPARAGINASA 10.000 U.I. LIOFILIZADO PARA SOLUCION INYECTABLE,2,https://www.mercadopublico.cl/Procurement/Modules/RFB/DetailsAcquisition.aspx?qs=fWMM/JVMtnOGYQM8iW56WQ==
1058012-20-LR25,MEDICAMENTOS ONCOLOGICOS HCM 2026-2027,HOSPITAL CLINICO DE MAGALLANES DR. LAUTARO NAVARRO AVARIA,Región de Magallanes y de la Antártica,23-06-2025 15:01:00,60.0,,40,4,85121902,Farmacias,AVELUMAB 200 MG / 20 ML FA,200,https://www.mercadopublico.cl/Procurement/Modules/RFB/DetailsAcquisition.aspx?qs=fWMM/JVMtnOGYQM8iW56WQ==
1058012-20-LR25,MEDICAMENTOS ONCOLOGICOS HCM 2026-2027,HOSPITAL CLINICO DE MAGALLANES DR. LAUTARO NAVARRO AVARIA,Región de Magallanes y de la Antártica,23-06-2025 15:01:00,60.0,,40,5,51111701,Sulfato de bleomicina,BLEOMICINA 15 U.I. LIOFILIZADO PARA SOLUCION INYECTABLE,120,https://www.mercadopublico.cl/Procurement/Modules/RFB/DetailsAcquisition.aspx?qs=fWMM/JVMtnOGYQM8iW56WQ==
1058012-20-LR25,MEDICAMENTOS ONCOLOGICOS HCM 2026-2027,HOSPITAL CLINICO DE MAGALLANES DR. LAUTARO NAVARRO AVARIA,Región de Magallanes y de la Antártica,23-06-2025 15:01:00,60.0,,40,6,85121902,Farmacias,CETUXIMAB SOLUCION PARA PERFUSION 5 MG / ML (20 ML),350,https://www.mercadopublico.cl/Procurement/Modules/RFB/DetailsAcquisition.aspx?qs=fWMM/JVMtnOGYQM8iW56WQ==
1058012-20-LR25,MEDICAMENTOS ONCOLOGICOS HCM 2026-2027,HOSPITAL CLINICO DE MAGALLANES DR. LAUTARO NAVARRO AVARIA,Región de Magallanes y de la Antártica,23-06-2025 15:01:00,60.0,,40,7,85121902,Farmacias,DARATUMUMAB 1800 MG / 15 MG FA (SC),18,https://www.mercadopublico.cl/Procurement/Modules/RFB/DetailsAcquisition.aspx?qs=fWMM/JVMtnOGYQM8iW56WQ==
1058012-20-LR25,MEDICAMENTOS ONCOLOGICOS HCM 2026-2027,HOSPITAL CLINICO DE MAGALLANES DR. LAUTARO NAVARRO AVARIA,Región de Magallanes y de la Antártica,23-06-2025 15:01:00,60.0,,40,8,85121902,Farmacias,DEXRAZOXANO 500 MG FA,24,https://www.mercadopublico.cl/Procurement/Modules/RFB/DetailsAcquisition.aspx?qs=fWMM/JVMtnOGYQM8iW56WQ==
1058012-20-LR25,MEDICAMENTOS ONCOLOGICOS HCM 2026-2027,HOSPITAL CLINICO DE MAGALLANES DR. LAUTARO NAVARRO AVARIA,Región de Magallanes y de la Antártica,23-06-2025 15:01:00,60.0,,40,9,51111604,Fosfato de fludarabina,FLUDARABINA 50 MG + 2 ML SOLVENTE,48,https://www.mercadopublico.cl/Procurement/Modules/RFB/DetailsAcquisition.aspx?qs=fWMM/JVMtnOGYQM8iW56WQ==
1058012-20-LR25,MEDICAMENTOS ONCOLOGICOS HCM 2026-2027,HOSPITAL CLINICO DE MAGALLANES DR. LAUTARO NAVARRO AVARIA,Región de Magallanes y de la Antártica,23-06-2025 15:01:00,60.0,,40,10,51111513,Mesna,MESNA 400 MG CM,200,https://www.mercadopublico.cl/Procurement/Modules/RFB/DetailsAcquisition.aspx?qs=fWMM/JVMtnOGYQM8iW56WQ==
1058012-20-LR25,MEDICAMENTOS ONCOLOGICOS HCM 2026-2027,HOSPITAL CLINICO DE MAGALLANES DR. LAUTARO NAVARRO AVARIA,Región de Magallanes y de la Antártica,23-06-2025 15:01:00,60.0,,40,11,51111610,Metotrexato,METOTREXATO 500 MG / 20 ML SOLUCION INYECTABLE (VIA I.V.- I.M.- INTRATECAL),12,https://www.mercadopublico.cl/Procurement/Modules/RFB/DetailsAcquisition.aspx?qs=fWMM/JVMtnOGYQM8iW56WQ==
1058012-20-LR25,MEDICAMENTOS ONCOLOGICOS HCM 2026-2027,HOSPITAL CLINICO DE MAGALLANES DR. LAUTARO NAVARRO AVARIA,Región de Magallanes y de la Antártica,23-06-2025 15:01:00,60.0,,40,12,85121902,Farmacias,"NETUPITANT / PALONOSETRON 300 MG / 0,5 MG CAP",240,https://www.mercadopublico.cl/Procurement/Modules/RFB/DetailsAcquisition.aspx?qs=fWMM/JVMtnOGYQM8iW56WQ==
1058012-20-LR25,MEDICAMENTOS ONCOLOGICOS HCM 2026-2027,HOSPITAL CLINICO DE MAGALLANES DR. LAUTARO NAVARRO AVARIA,Región de Magallanes y de la Antártica,23-06-2025 15:01:00,60.0,,40,13,85121902,Farmacias,NIVOLUMAB 100 MG / 10 ML INY. VIAL,600,https://www.mercadopublico.cl/Procurement/Modules/RFB/DetailsAcquisition.aspx?qs=fWMM/JVMtnOGYQM8iW56WQ==
1058012-20-LR25,MEDICAMENTOS ONCOLOGICOS HCM 2026-2027,HOSPITAL CLINICO DE MAGALLANES DR. LAUTARO NAVARRO AVARIA,Región de Magallanes y de la Antártica,23-06-2025 15:01:00,60.0,,40,14,85121902,Farmacias,NIVOLUMAB 40 MG / 4 ML INY. VIAL,300,https://www.mercadopublico.cl/Procurement/Modules/RFB/DetailsAcquisition.aspx?qs=fWMM/JVMtnOGYQM8iW56WQ==
1058012-20-LR25,MEDICAMENTOS ONCOLOGICOS HCM 2026-2027,HOSPITAL CLINICO DE MAGALLANES DR. LAUTARO NAVARRO AVARIA,Región de Magallanes y de la Antártica,23-06-2025 15:01:00,60.0,,40,15,51201802,Filgrastim,"PEG FILGRASTIM 6 MG / 0,6 ML JGA",144,https://www.mercadopublico.cl/Procurement/Modules/RFB/DetailsAcquisition.aspx?qs=fWMM/JVMtnOGYQM8iW56WQ==
1058012-20-LR25,MEDICAMENTOS ONCOLOGICOS HCM 2026-2027,HOSPITAL CLINICO DE MAGALLANES DR. LAUTARO NAVARRO AVARIA,Región de Magallanes y de la Antártica,23-06-2025 15:01:00,60.0,,40,16,85121902,Farmacias,PEMBROLIZUMAB 100 MG/4 ML,400,https://www.mercadopublico.cl/Procurement/Modules/RFB/DetailsAcquisition.aspx?qs=fWMM/JVMtnOGYQM8iW56WQ==
1058012-20-LR25,MEDICAMENTOS ONCOLOGICOS HCM 2026-2027,HOSPITAL CLINICO DE MAGALLANES DR. LAUTARO NAVARRO AVARIA,Región de Magallanes y de la Antártica,23-06-2025 15:01:00,60.0,,40,17,85121902,Farmacias,PERTUZUMAB 1200 MG + TRASTUZUMAB 600 MG (SC),10,https://www.mercadopublico.cl/Procurement/Modules/RFB/DetailsAcquisition.aspx?qs=fWMM/JVMtnOGYQM8iW56WQ==
1058012-20-LR25,MEDICAMENTOS ONCOLOGICOS HCM 2026-2027,HOSPITAL CLINICO DE MAGALLANES DR. LAUTARO NAVARRO AVARIA,Región de Magallanes y de la Antártica,23-06-2025 15:01:00,60.0,,40,18,85121902,Farmacias,PERTUZUMAB 420 mg / 14 ML x 1 FA,84,https://www.mercadopublico.cl/Procurement/Modules/RFB/DetailsAcquisition.aspx?qs=fWMM/JVMtnOGYQM8iW56WQ==
1058012-20-LR25,MEDICAMENTOS ONCOLOGICOS HCM 2026-2027,HOSPITAL CLINICO DE MAGALLANES DR. LAUTARO NAVARRO AVARIA,Región de Magallanes y de la Antártica,23-06-2025 15:01:00,60.0,,40,19,85121902,Farmacias,PERTUZUMAB 600 MG + TRASTUZUMAB 600 MG (SC),30,https://www.mercadopublico.cl/Procurement/Modules/RFB/DetailsAcquisition.aspx?qs=fWMM/JVMtnOGYQM8iW56WQ==
1058012-20-LR25,MEDICAMENTOS ONCOLOGICOS HCM 2026-2027,HOSPITAL CLINICO DE MAGALLANES DR. LAUTARO NAVARRO AVARIA,Región de Magallanes y de la Antártica,23-06-2025 15:01:00,60.0,,40,20,85121902,Farmacias,PRALSETINIB 100 MG CP,2640,https://www.mercadopublico.cl/Procurement/Modules/RFB/DetailsAcquisition.aspx?qs=fWMM/JVMtnOGYQM8iW56WQ==
1058012-20-LR25,MEDICAMENTOS ONCOLOGICOS HCM 2026-2027,HOSPITAL CLINICO DE MAGALLANES DR. LAUTARO NAVARRO AVARIA,Región de Magallanes y de la Antártica,23-06-2025 15:01:00,60.0,,40,21,85121902,Farmacias,RIBOCICLIB 200 MG CM,4536,https://www.mercadopublico.cl/Procurement/Modules/RFB/DetailsAcquisition.aspx?qs=fWMM/JVMtnOGYQM8iW56WQ==
1058012-20-LR25,MEDICAMENTOS ONCOLOGICOS HCM 2026-2027,HOSPITAL CLINICO DE MAGALLANES DR. LAUTARO NAVARRO AVARIA,Región de Magallanes y de la Antártica,23-06-2025 15:01:00,60.0,,40,22,51111716,Rituximab,"RITUXIMAB FA 1400 MG / 11,4 ML (VIA SC)",55,https://www.mercadopublico.cl/Procurement/Modules/RFB/DetailsAcquisition.aspx?qs=fWMM/JVMtnOGYQM8iW56WQ==
1058012-20-LR25,MEDICAMENTOS ONCOLOGICOS HCM 2026-2027,HOSPITAL CLINICO DE MAGALLANES DR. LAUTARO NAVARRO AVARIA,Región de Magallanes y de la Antártica,23-06-2025 15:01:00,60.0,,40,23,85121902,Farmacias,SORAFENIB TOSILATO 200 MG CM REC,2500,https://www.mercadopublico.cl/Procurement/Modules/RFB/DetailsAcquisition.aspx?qs=fWMM/JVMtnOGYQM8iW56WQ==
1058012-20-LR25,MEDICAMENTOS ONCOLOGICOS HCM 2026-2027,HOSPITAL CLINICO DE MAGALLANES DR. LAUTARO NAVARRO AVARIA,Región de Magallanes y de la Antártica,23-06-2025 15:01:00,60.0,,40,24,85121902,Farmacias,TALIDOMIDA 100 MG CM,3000,https://www.mercadopublico.cl/Procurement/Modules/RFB/DetailsAcquisition.aspx?qs=fWMM/JVMtnOGYQM8iW56WQ==
1058012-20-LR25,MEDICAMENTOS ONCOLOGICOS HCM 2026-2027,HOSPITAL CLINICO DE MAGALLANES DR. LAUTARO NAVARRO AVARIA,Región de Magallanes y de la Antártica,23-06-2025 15:01:00,60.0,,40,25,85121902,Farmacias,TOPOTECAN 4 MG LIOFILIZADO PARA SOLUCION INYECTABLE,50,https://www.mercadopublico.cl/Procurement/Modules/RFB/DetailsAcquisition.aspx?qs=fWMM/JVMtnOGYQM8iW56WQ==
1058012-20-LR25,MEDICAMENTOS ONCOLOGICOS HCM 2026-2027,HOSPITAL CLINICO DE MAGALLANES DR. LAUTARO NAVARRO AVARIA,Región de Magallanes y de la Antártica,23-06-2025 15:01:00,60.0,,40,26,85121902,Farmacias,VINORELBINA 50 MG/ 5 ML SOLUCION INYECTABLE,12,https://www.mercadopublico.cl/Procurement/Modules/RFB/DetailsAcquisition.aspx?qs=fWMM/JVMtnOGYQM8iW56WQ==
1058071-16-LE25,Suministro de Fármacos Paciente Crítico,HOSPITAL CLINICO METROPOLITANO EL CARMEN DOCTOR LUIS VALENTIN FERRADA,Región Metropolitana de Santiago,14-04-2025 17:00:00,60.0,,40,1,73101701,Servicios de producción de medicamentos o medicinas,5552690 ADENOSINA 6 mg 2 ml Inyectable,113,https://www.mercadopublico.cl/Procurement/Modules/RFB/DetailsAcquisition.aspx?qs=jhOpds/CyjLribV2/zwPEA==
1058071-16-LE25,Suministro de Fármacos Paciente Crítico,HOSPITAL CLINICO METROPOLITANO EL CARMEN DOCTOR LUIS VALENTIN FERRADA,Región Metropolitana de Santiago,14-04-2025 17:00:00,60.0,,40,2,73101701,Servicios de producción de medicamentos o medicinas,5552720 AMIODARONA CLORHIDRATO 150 mg 3 ml Inyectable,130,https://www.mercadopublico.cl/Procurement/Modules/RFB/DetailsAcquisition.aspx?qs=jhOpds/CyjLribV2/zwPEA==
1058071-16-LE25,Suministro de Fármacos Paciente Crítico,HOSPITAL CLINICO METROPOLITANO EL CARMEN DOCTOR LUIS VALENTIN FERRADA,Región Metropolitana de Santiago,14-04-2025 17:00:00,60.0,,40,3,73101701,Servicios de producción de medicamentos o medicinas,5552730 ATROPINA 1 mg 1 ml Inyectable,260,https://www.mercadopublico.cl/Procurement/Modules/RFB/DetailsAcquisition.aspx?qs=jhOpds/CyjLribV2/zwPEA==
1058071-16-LE25,Suministro de Fármacos Paciente Crítico,HOSPITAL CLINICO METROPOLITANO EL CARMEN DOCTOR LUIS VALENTIN FERRADA,Región Metropolitana de Santiago,14-04-2025 17:00:00,60.0,,40,4,73101701,Servicios de producción de medicamentos o medicinas,5554630 BICARBONATO DE SODIO 2/3 M 250 ml Inyectable,130,https://www.mercadopublico.cl/Procurement/Modules/RFB/DetailsAcquisition.aspx?qs=jhOpds/CyjLribV2/zwPEA==
1058071-16-LE25,Suministro de Fármacos Paciente Crítico,HOSPITAL CLINICO METROPOLITANO EL CARMEN DOCTOR LUIS VALENTIN FERRADA,Región Metropolitana de Santiago,14-04-2025 17:00:00,60.0,,40,5,73101701,Servicios de producción de medicamentos o medicinas,5552760 CALCIO CLORURO 10 % 10 ml Inyectable,200,https://www.mercadopublico.cl/Procurement/Modules/RFB/DetailsAcquisition.aspx?qs=jhOpds/CyjLribV2/zwPEA==
1058071-16-LE25,Suministro de Fármacos Paciente Crítico,HOSPITAL CLINICO METROPOLITANO EL CARMEN DOCTOR LUIS VALENTIN FERRADA,Región Metropolitana de Santiago,14-04-2025 17:00:00,60.0,,40,6,73101701,Servicios de producción de medicamentos o medicinas,5555270 CALCIO GLUCONATO 10 % 10 ml Inyectable,585,https://www.mercadopublico.cl/Procurement/Modules/RFB/DetailsAcquisition.aspx?qs=jhOpds/CyjLribV2/zwPEA==
1058071-16-LE25,Suministro de Fármacos Paciente Crítico,HOSPITAL CLINICO METROPOLITANO EL CARMEN DOCTOR LUIS VALENTIN FERRADA,Región Metropolitana de Santiago,14-04-2025 17:00:00,60.0,,40,7,73101701,Servicios de producción de medicamentos o medicinas,5552820 DESMOPRESINA INYECTABLE 15 mcg 1 ml Inyectable,4,https://www.mercadopublico.cl/Procurement/Modules/RFB/DetailsAcquisition.aspx?qs=jhOpds/CyjLribV2/zwPEA==
1058071-16-LE25,Suministro de Fármacos Paciente Crítico,HOSPITAL CLINICO METROPOLITANO EL CARMEN DOCTOR LUIS VALENTIN FERRADA,Región Metropolitana de Santiago,14-04-2025 17:00:00,60.0,,40,8,73101701,Servicios de producción de medicamentos o medicinas,5552840 DOBUTAMINA 250 mg 5 ml Inyectable,40,https://www.mercadopublico.cl/Procurement/Modules/RFB/DetailsAcquisition.aspx?qs=jhOpds/CyjLribV2/zwPEA==
1058071-16-LE25,Suministro de Fármacos Paciente Crítico,HOSPITAL CLINICO METROPOLITANO EL CARMEN DOCTOR LUIS VALENTIN FERRADA,Región Metropolitana de Santiago,14-04-2025 17:00:00,60.0,,40,9,73101701,Servicios de producción de medicamentos o medicinas,5552850 DOPAMINA 200 mg 5 ml Inyectable,65,https://www.mercadopublico.cl/Procurement/Modules/RFB/DetailsAcquisition.aspx?qs=jhOpds/CyjLribV2/zwPEA==
1058071-16-LE25,Suministro de Fármacos Paciente Crítico,HOSPITAL CLINICO METROPOLITANO EL CARMEN DOCTOR LUIS VALENTIN FERRADA,Región Metropolitana de Santiago,14-04-2025 17:00:00,60.0,,40,10,73101701,Servicios de producción de medicamentos o medicinas,5555590 EFEDRINA SULFATO 60 mg 1 ml Inyectable,520,https://www.mercadopublico.cl/Procurement/Modules/RFB/DetailsAcquisition.aspx?qs=jhOpds/CyjLribV2/zwPEA==
1058071-16-LE25,Suministro de Fármacos Paciente Crítico,HOSPITAL CLINICO METROPOLITANO EL CARMEN DOCTOR LUIS VALENTIN FERRADA,Región Metropolitana de Santiago,14-04-2025 17:00:00,60.0,,40,11,73101701,Servicios de producción de medicamentos o medicinas,5559988 ELTROMBOPAG 25 mg Comprimido,36,https://www.mercadopublico.cl/Procurement/Modules/RFB/DetailsAcquisition.aspx?qs=jhOpds/CyjLribV2/zwPEA==
1058071-16-LE25,Suministro de Fármacos Paciente Crítico,HOSPITAL CLINICO METROPOLITANO EL CARMEN DOCTOR LUIS VALENTIN FERRADA,Región Metropolitana de Santiago,14-04-2025 17:00:00,60.0,,40,12,73101701,Servicios de producción de medicamentos o medicinas,5552870 EPINEFRINA 1 mg 1 ml Inyectable,1105,https://www.mercadopublico.cl/Procurement/Modules/RFB/DetailsAcquisition.aspx?qs=jhOpds/CyjLribV2/zwPEA==
1058071-16-LE25,Suministro de Fármacos Paciente Crítico,HOSPITAL CLINICO METROPOLITANO EL CARMEN DOCTOR LUIS VALENTIN FERRADA,Región Metropolitana de Santiago,14-04-2025 17:00:00,60.0,,40,13,73101701,Servicios de producción de medicamentos o medicinas,5555690 ETOMIDATO 20 mg 10 ml Inyectable,33,https://www.mercadopublico.cl/Procurement/Modules/RFB/DetailsAcquisition.aspx?qs=jhOpds/CyjLribV2/zwPEA==
1058071-16-LE25,Suministro de Fármacos Paciente Crítico,HOSPITAL CLINICO METROPOLITANO EL CARMEN DOCTOR LUIS VALENTIN FERRADA,Región Metropolitana de Santiago,14-04-2025 17:00:00,60.0,,40,14,73101701,Servicios de producción de medicamentos o medicinas,"5558810 FACTOR DE COAGULACIÓN II,VII,IX,X (OCTAPLEX) Inyectable",12,https://www.mercadopublico.cl/Procurement/Modules/RFB/DetailsAcquisition.aspx?qs=jhOpds/CyjLribV2/zwPEA==
1058071-16-LE25,Suministro de Fármacos Paciente Crítico,HOSPITAL CLINICO METROPOLITANO EL CARMEN DOCTOR LUIS VALENTIN FERRADA,Región Metropolitana de Santiago,14-04-2025 17:00:00,60.0,,40,15,73101701,Servicios de producción de medicamentos o medicinas,5557410 GLUCAGON 1 mg 1 ml Inyectable,2,https://www.mercadopublico.cl/Procurement/Modules/RFB/DetailsAcquisition.aspx?qs=jhOpds/CyjLribV2/zwPEA==
1058071-16-LE25,Suministro de Fármacos Paciente Crítico,HOSPITAL CLINICO METROPOLITANO EL CARMEN DOCTOR LUIS VALENTIN FERRADA,Región Metropolitana de Santiago,14-04-2025 17:00:00,60.0,,40,16,73101701,Servicios de producción de medicamentos o medicinas,5554700 HIDROXIETILALMIDON 6 % 500 ml Inyectable,50,https://www.mercadopublico.cl/Procurement/Modules/RFB/DetailsAcquisition.aspx?qs=jhOpds/CyjLribV2/zwPEA==
1058071-16-LE25,Suministro de Fármacos Paciente Crítico,HOSPITAL CLINICO METROPOLITANO EL CARMEN DOCTOR LUIS VALENTIN FERRADA,Región Metropolitana de Santiago,14-04-2025 17:00:00,60.0,,40,17,73101701,Servicios de producción de medicamentos o medicinas,"5557450 LANATOSIDO C 0,4 mg 2 ml Inyectable",130,https://www.mercadopublico.cl/Procurement/Modules/RFB/DetailsAcquisition.aspx?qs=jhOpds/CyjLribV2/zwPEA==
1058071-16-LE25,Suministro de Fármacos Paciente Crítico,HOSPITAL CLINICO METROPOLITANO EL CARMEN DOCTOR LUIS VALENTIN FERRADA,Región Metropolitana de Santiago,14-04-2025 17:00:00,60.0,,40,18,73101701,Servicios de producción de medicamentos o medicinas,5559810 LANSOPRAZOL BD 15 mg Comprimido,50,https://www.mercadopublico.cl/Procurement/Modules/RFB/DetailsAcquisition.aspx?qs=jhOpds/CyjLribV2/zwPEA==
1058071-16-LE25,Suministro de Fármacos Paciente Crítico,HOSPITAL CLINICO METROPOLITANO EL CARMEN DOCTOR LUIS VALENTIN FERRADA,Región Metropolitana de Santiago,14-04-2025 17:00:00,60.0,,40,19,73101701,Servicios de producción de medicamentos o medicinas,5556660 MANITOL 15 % 500 ml Inyectable,13,https://www.mercadopublico.cl/Procurement/Modules/RFB/DetailsAcquisition.aspx?qs=jhOpds/CyjLribV2/zwPEA==
1058071-16-LE25,Suministro de Fármacos Paciente Crítico,HOSPITAL CLINICO METROPOLITANO EL CARMEN DOCTOR LUIS VALENTIN FERRADA,Región Metropolitana de Santiago,14-04-2025 17:00:00,60.0,,40,20,73101701,Servicios de producción de medicamentos o medicinas,5556470 MILRINONA 10 mg 10 ml Inyectable,237,https://www.mercadopublico.cl/Procurement/Modules/RFB/DetailsAcquisition.aspx?qs=jhOpds/CyjLribV2/zwPEA==
1058071-16-LE25,Suministro de Fármacos Paciente Crítico,HOSPITAL CLINICO METROPOLITANO EL CARMEN DOCTOR LUIS VALENTIN FERRADA,Región Metropolitana de Santiago,14-04-2025 17:00:00,60.0,,40,21,73101701,Servicios de producción de medicamentos o medicinas,5553660 PAMIDRONATO 90 mg 3 ml Inyectable,3,https://www.mercadopublico.cl/Procurement/Modules/RFB/DetailsAcquisition.aspx?qs=jhOpds/CyjLribV2/zwPEA==
1058071-16-LE25,Suministro de Fármacos Paciente Crítico,HOSPITAL CLINICO METROPOLITANO EL CARMEN DOCTOR LUIS VALENTIN FERRADA,Región Metropolitana de Santiago,14-04-2025 17:00:00,60.0,,40,22,73101701,Servicios de producción de medicamentos o medicinas,5556590 PARACETAMOL 1000 mg 100 ml Inyectable,5857,https://www.mercadopublico.cl/Procurement/Modules/RFB/DetailsAcquisition.aspx?qs=jhOpds/CyjLribV2/zwPEA==
1058071-16-LE25,Suministro de Fármacos Paciente Crítico,HOSPITAL CLINICO METROPOLITANO EL CARMEN DOCTOR LUIS VALENTIN FERRADA,Región Metropolitana de Santiago,14-04-2025 17:00:00,60.0,,40,23,73101701,Servicios de producción de medicamentos o medicinas,"5559830 PICOSULFATO DE SODIO 0,75 % 10 ml Solución gotas orales",65,https://www.mercadopublico.cl/Procurement/Modules/RFB/DetailsAcquisition.aspx?qs=jhOpds/CyjLribV2/zwPEA==
1058071-16-LE25,Suministro de Fármacos Paciente Crítico,HOSPITAL CLINICO METROPOLITANO EL CARMEN DOCTOR LUIS VALENTIN FERRADA,Región Metropolitana de Santiago,14-04-2025 17:00:00,60.0,,40,24,73101701,Servicios de producción de medicamentos o medicinas,5559989 RITUXIMAB 500 mg 50 ml Inyectable,8,https://www.mercadopublico.cl/Procurement/Modules/RFB/DetailsAcquisition.aspx?qs=jhOpds/CyjLribV2/zwPEA==
1058071-16-LE25,Suministro de Fármacos Paciente Crítico,HOSPITAL CLINICO METROPOLITANO EL CARMEN DOCTOR LUIS VALENTIN FERRADA,Región Metropolitana de Santiago,14-04-2025 17:00:00,60.0,,40,25,73101701,Servicios de producción de medicamentos o medicinas,5552110 SULFASALAZINA 500 mg Comprimido,1365,https://www.mercadopublico.cl/Procurement/Modules/RFB/DetailsAcquisition.aspx?qs=jhOpds/CyjLribV2/zwPEA==
1058071-16-LE25,Suministro de Fármacos Paciente Crítico,HOSPITAL CLINICO METROPOLITANO EL CARMEN DOCTOR LUIS VALENTIN FERRADA,Región Metropolitana de Santiago,14-04-2025 17:00:00,60.0,,40,26,73101701,Servicios de producción de medicamentos o medicinas,5557960 TENECTEPLASA 10000 UI Inyectable,3,https://www.mercadopublico.cl/Procurement/Modules/RFB/DetailsAcquisition.aspx?qs=jhOpds/CyjLribV2/zwPEA==
1058071-16-LE25,Suministro de Fármacos Paciente Crítico,HOSPITAL CLINICO METROPOLITANO EL CARMEN DOCTOR LUIS VALENTIN FERRADA,Región Metropolitana de Santiago,14-04-2025 17:00:00,60.0,,40,27,73101701,Servicios de producción de medicamentos o medicinas,5560014 TICAGRELOR 90 mg Comprimido,3647,https://www.mercadopublico.cl/Procurement/Modules/RFB/DetailsAcquisition.aspx?qs=jhOpds/CyjLribV2/zwPEA==
1058071-16-LE25,Suministro de Fármacos Paciente Crítico,HOSPITAL CLINICO METROPOLITANO EL CARMEN DOCTOR LUIS VALENTIN FERRADA,Región Metropolitana de Santiago,14-04-2025 17:00:00,60.0,,40,28,73101701,Servicios de producción de medicamentos o medicinas,"5560015 TIROFIBAN 0,25 mg 1 ml Inyectable",1,https://www.mercadopublico.cl/Procurement/Modules/RFB/DetailsAcquisition.aspx?qs=jhOpds/CyjLribV2/zwPEA==
1058071-16-LE25,Suministro de Fármacos Paciente Crítico,HOSPITAL CLINICO METROPOLITANO EL CARMEN DOCTOR LUIS VALENTIN FERRADA,Región Metropolitana de Santiago,14-04-2025 17:00:00,60.0,,40,29,73101701,Servicios de producción de medicamentos o medicinas,5558630 URAPIDIL 100 mg 20 ml Inyectable,190,https://www.mercadopublico.cl/Procurement/Modules/RFB/DetailsAcquisition.aspx?qs=jhOpds/CyjLribV2/zwPEA==
1058071-16-LE25,Suministro de Fármacos Paciente Crítico,HOSPITAL CLINICO METROPOLITANO EL CARMEN DOCTOR LUIS VALENTIN FERRADA,Región Metropolitana de Santiago,14-04-2025 17:00:00,60.0,,40,30,73101701,Servicios de producción de medicamentos o medicinas,5559900 URAPIDIL 50 mg 10 ml Inyectable,280,https://www.mercadopublico.cl/Procurement/Modules/RFB/DetailsAcquisition.aspx?qs=jhOpds/CyjLribV2/zwPEA==
1058095-4-LE25,REPOSICIÓN MEDICAMENTOS PARA 2 MESES 5,COMPLEJO ASISTENCIAL DR. SOTERO DEL RIO,Región Metropolitana de Santiago,05-02-2025 10:00:00,50.0,48.0,2,1,51111716,Rituximab,50-219-200-040-00 RITUXIMAB 500 MG SOLUCION INYECTABLE EQUIVALENTE,451,https://www.mercadopublico.cl/Procurement/Modules/RFB/DetailsAcquisition.aspx?qs=dUtTPHJvFYDifAKt8JeFIA==
1058012-37-LR25,MEDICAMENTOS FARMACIA AMBULATORIA HCM 2026-2027,HOSPITAL CLINICO DE MAGALLANES DR. LAUTARO NAVARRO AVARIA,Región de Magallanes y de la Antártica,20-08-2025 15:00:00,60.0,,40,1,85121902,Farmacias,ABROCITINIB 100 MG COMPRIMIDO RECUBIERTO,2160,https://www.mercadopublico.cl/Procurement/Modules/RFB/DetailsAcquisition.aspx?qs=Uyqu3XW+CeLx/Kcd/eyRog==
1058012-37-LR25,MEDICAMENTOS FARMACIA AMBULATORIA HCM 2026-2027,HOSPITAL CLINICO DE MAGALLANES DR. LAUTARO NAVARRO AVARIA,Región de Magallanes y de la Antártica,20-08-2025 15:00:00,60.0,,40,2,85121902,Farmacias,ABROCITINIB 200 MG COMPRIMIDO RECUBIERTO,7200,https://www.mercadopublico.cl/Procurement/Modules/RFB/DetailsAcquisition.aspx?qs=Uyqu3XW+CeLx/Kcd/eyRog==
1058012-37-LR25,MEDICAMENTOS FARMACIA AMBULATORIA HCM 2026-2027,HOSPITAL CLINICO DE MAGALLANES DR. LAUTARO NAVARRO AVARIA,Región de Magallanes y de la Antártica,20-08-2025 15:00:00,60.0,,40,3,51141531,Ácido valproico,ACIDO VALPROICO 375 MG/ML SOLUCION PARA GOTAS ORALES - FCO 25 ML. (1 ML = 40 GOTAS),960,https://www.mercadopublico.cl/Procurement/Modules/RFB/DetailsAcquisition.aspx?qs=Uyqu3XW+CeLx/Kcd/eyRog==
1058012-37-LR25,MEDICAMENTOS FARMACIA AMBULATORIA HCM 2026-2027,HOSPITAL CLINICO DE MAGALLANES DR. LAUTARO NAVARRO AVARIA,Región de Magallanes y de la Antártica,20-08-2025 15:00:00,60.0,,40,4,85121902,Farmacias,BENRALIZUMAB 30 MG/ML JERINGA PRELLENADA,72,https://www.mercadopublico.cl/Procurement/Modules/RFB/DetailsAcquisition.aspx?qs=Uyqu3XW+CeLx/Kcd/eyRog==
1058012-37-LR25,MEDICAMENTOS FARMACIA AMBULATORIA HCM 2026-2027,HOSPITAL CLINICO DE MAGALLANES DR. LAUTARO NAVARRO AVARIA,Región de Magallanes y de la Antártica,20-08-2025 15:00:00,60.0,,40,5,85121902,Farmacias,DEUCRAVACITINIB 6 MG COMPRIMIDO RECUBIERTO,2880,https://www.mercadopublico.cl/Procurement/Modules/RFB/DetailsAcquisition.aspx?qs=Uyqu3XW+CeLx/Kcd/eyRog==
1058012-37-LR25,MEDICAMENTOS FARMACIA AMBULATORIA HCM 2026-2027,HOSPITAL CLINICO DE MAGALLANES DR. LAUTARO NAVARRO AVARIA,Región de Magallanes y de la Antártica,20-08-2025 15:00:00,60.0,,40,6,85121902,Farmacias,DUPILUMAB 300 MG/2 ML JERINGA PRELLENADA,96,https://www.mercadopublico.cl/Procurement/Modules/RFB/DetailsAcquisition.aspx?qs=Uyqu3XW+CeLx/Kcd/eyRog==
1058012-37-LR25,MEDICAMENTOS FARMACIA AMBULATORIA HCM 2026-2027,HOSPITAL CLINICO DE MAGALLANES DR. LAUTARO NAVARRO AVARIA,Región de Magallanes y de la Antártica,20-08-2025 15:00:00,60.0,,40,7,85121902,Farmacias,"DUPILUMAB SOLUCIÓN INYECTABLE 200 MG/1,14 ML JERINGA PRELLENADA",240,https://www.mercadopublico.cl/Procurement/Modules/RFB/DetailsAcquisition.aspx?qs=Uyqu3XW+CeLx/Kcd/eyRog==
1058012-37-LR25,MEDICAMENTOS FARMACIA AMBULATORIA HCM 2026-2027,HOSPITAL CLINICO DE MAGALLANES DR. LAUTARO NAVARRO AVARIA,Región de Magallanes y de la Antártica,20-08-2025 15:00:00,60.0,,40,8,51181722,Fluticasona,FLUTICASONA/UMECLIDINIO/VILANTEROL 92/55/22 MCG POLVO PARA INHALACION ORAL,2880,https://www.mercadopublico.cl/Procurement/Modules/RFB/DetailsAcquisition.aspx?qs=Uyqu3XW+CeLx/Kcd/eyRog==
1058012-37-LR25,MEDICAMENTOS FARMACIA AMBULATORIA HCM 2026-2027,HOSPITAL CLINICO DE MAGALLANES DR. LAUTARO NAVARRO AVARIA,Región de Magallanes y de la Antártica,20-08-2025 15:00:00,60.0,,40,9,85121902,Farmacias,"GOLIMUMAB SOLUCION INYECTABLE 50 MG / 0,5 ML JERINGA PRELLENADA",120,https://www.mercadopublico.cl/Procurement/Modules/RFB/DetailsAcquisition.aspx?qs=Uyqu3XW+CeLx/Kcd/eyRog==
1058012-37-LR25,MEDICAMENTOS FARMACIA AMBULATORIA HCM 2026-2027,HOSPITAL CLINICO DE MAGALLANES DR. LAUTARO NAVARRO AVARIA,Región de Magallanes y de la Antártica,20-08-2025 15:00:00,60.0,,40,10,85121902,Farmacias,INDACATEROL MALEATO 110 MCG / GLICOPIRRONIO BROMURO 50 MCG POLVO PARA INHALACION EN CAPSULA,84000,https://www.mercadopublico.cl/Procurement/Modules/RFB/DetailsAcquisition.aspx?qs=Uyqu3XW+CeLx/Kcd/eyRog==
1058012-37-LR25,MEDICAMENTOS FARMACIA AMBULATORIA HCM 2026-2027,HOSPITAL CLINICO DE MAGALLANES DR. LAUTARO NAVARRO AVARIA,Región de Magallanes y de la Antártica,20-08-2025 15:00:00,60.0,,40,11,85121902,Farmacias,LIRAGLUTIDA 6MG/ML SOLUCION EN DISPOSITIVO PRELLENADO + 20 AGUJAS PARA ADMINISTRACIÓN,288,https://www.mercadopublico.cl/Procurement/Modules/RFB/DetailsAcquisition.aspx?qs=Uyqu3XW+CeLx/Kcd/eyRog==
1058012-37-LR25,MEDICAMENTOS FARMACIA AMBULATORIA HCM 2026-2027,HOSPITAL CLINICO DE MAGALLANES DR. LAUTARO NAVARRO AVARIA,Región de Magallanes y de la Antártica,20-08-2025 15:00:00,60.0,,40,12,51111610,Metotrexato,"METOTREXATO 20 MG/0,4 ML JERINGA PRELLENADA",6720,https://www.mercadopublico.cl/Procurement/Modules/RFB/DetailsAcquisition.aspx?qs=Uyqu3XW+CeLx/Kcd/eyRog==
1058012-37-LR25,MEDICAMENTOS FARMACIA AMBULATORIA HCM 2026-2027,HOSPITAL CLINICO DE MAGALLANES DR. LAUTARO NAVARRO AVARIA,Región de Magallanes y de la Antártica,20-08-2025 15:00:00,60.0,,40,13,85121902,Farmacias,"OFATUMUMAB 20 MG/0,4 ML JERINGA PRELLENADA",240,https://www.mercadopublico.cl/Procurement/Modules/RFB/DetailsAcquisition.aspx?qs=Uyqu3XW+CeLx/Kcd/eyRog==
1058012-37-LR25,MEDICAMENTOS FARMACIA AMBULATORIA HCM 2026-2027,HOSPITAL CLINICO DE MAGALLANES DR. LAUTARO NAVARRO AVARIA,Región de Magallanes y de la Antártica,20-08-2025 15:00:00,60.0,,40,14,85121902,Farmacias,OMALIZUMAB SOLUCIÓN INYECTABLE 150 MG/ML JERINGA PRELLENADA,58,https://www.mercadopublico.cl/Procurement/Modules/RFB/DetailsAcquisition.aspx?qs=Uyqu3XW+CeLx/Kcd/eyRog==
1058012-37-LR25,MEDICAMENTOS FARMACIA AMBULATORIA HCM 2026-2027,HOSPITAL CLINICO DE MAGALLANES DR. LAUTARO NAVARRO AVARIA,Región de Magallanes y de la Antártica,20-08-2025 15:00:00,60.0,,40,15,51121733,Valsartan,SACUBITRILO/VALSARTAN 100 MG COMPRIMIDO RECUBIERTO,28800,https://www.mercadopublico.cl/Procurement/Modules/RFB/DetailsAcquisition.aspx?qs=Uyqu3XW+CeLx/Kcd/eyRog==
1058012-37-LR25,MEDICAMENTOS FARMACIA AMBULATORIA HCM 2026-2027,HOSPITAL CLINICO DE MAGALLANES DR. LAUTARO NAVARRO AVARIA,Región de Magallanes y de la Antártica,20-08-2025 15:00:00,60.0,,40,16,51121733,Valsartan,SACUBITRILO/VALSARTAN 50 MG COMPRIMIDO RECUBIERTO,144000,https://www.mercadopublico.cl/Procurement/Modules/RFB/DetailsAcquisition.aspx?qs=Uyqu3XW+CeLx/Kcd/eyRog==
1058012-37-LR25,MEDICAMENTOS FARMACIA AMBULATORIA HCM 2026-2027,HOSPITAL CLINICO DE MAGALLANES DR. LAUTARO NAVARRO AVARIA,Región de Magallanes y de la Antártica,20-08-2025 15:00:00,60.0,,40,17,85121902,Farmacias,SECUKINUMAB 300 MG/2 ML JERINGA PRELLENADA,480,https://www.mercadopublico.cl/Procurement/Modules/RFB/DetailsAcquisition.aspx?qs=Uyqu3XW+CeLx/Kcd/eyRog==
1058012-37-LR25,MEDICAMENTOS FARMACIA AMBULATORIA HCM 2026-2027,HOSPITAL CLINICO DE MAGALLANES DR. LAUTARO NAVARRO AVARIA,Región de Magallanes y de la Antártica,20-08-2025 15:00:00,60.0,,40,18,85121902,Farmacias,SECUKINUMAB SOLUCIÓN INYECTABLE 150 MG/ML JERINGA PRELLENADA,1200,https://www.mercadopublico.cl/Procurement/Modules/RFB/DetailsAcquisition.aspx?qs=Uyqu3XW+CeLx/Kcd/eyRog==
1058012-37-LR25,MEDICAMENTOS FARMACIA AMBULATORIA HCM 2026-2027,HOSPITAL CLINICO DE MAGALLANES DR. LAUTARO NAVARRO AVARIA,Región de Magallanes y de la Antártica,20-08-2025 15:00:00,60.0,,40,19,85121902,Farmacias,SELEXIPAG 800 MG COMPRIMIDO RECUBIERTO,576,https://www.mercadopublico.cl/Procurement/Modules/RFB/DetailsAcquisition.aspx?qs=Uyqu3XW+CeLx/Kcd/eyRog==
1058012-37-LR25,MEDICAMENTOS FARMACIA AMBULATORIA HCM 2026-2027,HOSPITAL CLINICO DE MAGALLANES DR. LAUTARO NAVARRO AVARIA,Región de Magallanes y de la Antártica,20-08-2025 15:00:00,60.0,,40,20,85121902,Farmacias,"SEMAGLUTIDE 2 MG, LAPIZ FLEXTOUCH 1,5 ML DISPOSITIVO PRELLENADO",960,https://www.mercadopublico.cl/Procurement/Modules/RFB/DetailsAcquisition.aspx?qs=Uyqu3XW+CeLx/Kcd/eyRog==
1058012-37-LR25,MEDICAMENTOS FARMACIA AMBULATORIA HCM 2026-2027,HOSPITAL CLINICO DE MAGALLANES DR. LAUTARO NAVARRO AVARIA,Región de Magallanes y de la Antártica,20-08-2025 15:00:00,60.0,,40,21,85121902,Farmacias,"SEMAGLUTIDE 4 MG, LAPIZ FLEXTOUCH 3 ML DISPOSITIVO PRELLENADO",4800,https://www.mercadopublico.cl/Procurement/Modules/RFB/DetailsAcquisition.aspx?qs=Uyqu3XW+CeLx/Kcd/eyRog==
1058012-37-LR25,MEDICAMENTOS FARMACIA AMBULATORIA HCM 2026-2027,HOSPITAL CLINICO DE MAGALLANES DR. LAUTARO NAVARRO AVARIA,Región de Magallanes y de la Antártica,20-08-2025 15:00:00,60.0,,40,22,85121902,Farmacias,SOFOSBUVIR/ VELPATASVIR 400MG/100 MG COMPRIMIDO RECUBIERTO,672,https://www.mercadopublico.cl/Procurement/Modules/RFB/DetailsAcquisition.aspx?qs=Uyqu3XW+CeLx/Kcd/eyRog==
1058012-37-LR25,MEDICAMENTOS FARMACIA AMBULATORIA HCM 2026-2027,HOSPITAL CLINICO DE MAGALLANES DR. LAUTARO NAVARRO AVARIA,Región de Magallanes y de la Antártica,20-08-2025 15:00:00,60.0,,40,23,85121902,Farmacias,TETRABENAZINA 25 MG COMPRIMIDO,1440,https://www.mercadopublico.cl/Procurement/Modules/RFB/DetailsAcquisition.aspx?qs=Uyqu3XW+CeLx/Kcd/eyRog==
1058012-37-LR25,MEDICAMENTOS FARMACIA AMBULATORIA HCM 2026-2027,HOSPITAL CLINICO DE MAGALLANES DR. LAUTARO NAVARRO AVARIA,Región de Magallanes y de la Antártica,20-08-2025 15:00:00,60.0,,40,24,85121902,Farmacias,"TOCILIZUMAB SOLUCIÓN PARA INYECCIÓN 162 MG / 0,9 ML JERINGA PRELLENADA",480,https://www.mercadopublico.cl/Procurement/Modules/RFB/DetailsAcquisition.aspx?qs=Uyqu3XW+CeLx/Kcd/eyRog==
1058012-37-LR25,MEDICAMENTOS FARMACIA AMBULATORIA HCM 2026-2027,HOSPITAL CLINICO DE MAGALLANES DR. LAUTARO NAVARRO AVARIA,Región de Magallanes y de la Antártica,20-08-2025 15:00:00,60.0,,40,25,85121902,Farmacias,UPADACITINIB 15 MG COMPRIMIDO RECUBIERTO DE LIBERACIÓN PROLONGADA,1440,https://www.mercadopublico.cl/Procurement/Modules/RFB/DetailsAcquisition.aspx?qs=Uyqu3XW+CeLx/Kcd/eyRog==
1058012-37-LR25,MEDICAMENTOS FARMACIA AMBULATORIA HCM 2026-2027,HOSPITAL CLINICO DE MAGALLANES DR. LAUTARO NAVARRO AVARIA,Región de Magallanes y de la Antártica,20-08-2025 15:00:00,60.0,,40,26,85121902,Farmacias,UPADACITINIB 30 MG COMPRIMIDO RECUBIERTO LIBERACIÓN PROLONGADA,1440,https://www.mercadopublico.cl/Procurement/Modules/RFB/DetailsAcquisition.aspx?qs=Uyqu3XW+CeLx/Kcd/eyRog==
1058012-37-LR25,MEDICAMENTOS FARMACIA AMBULATORIA HCM 2026-2027,HOSPITAL CLINICO DE MAGALLANES DR. LAUTARO NAVARRO AVARIA,Región de Magallanes y de la Antártica,20-08-2025 15:00:00,60.0,,40,27,85121902,Farmacias,UPADACITINIB 45 MG COMPRIMIDO RECUBIERTO LIBERACIÓN PROLONGADA,1440,https://www.mercadopublico.cl/Procurement/Modules/RFB/DetailsAcquisition.aspx?qs=Uyqu3XW+CeLx/Kcd/eyRog==
1058012-37-LR25,MEDICAMENTOS FARMACIA AMBULATORIA HCM 2026-2027,HOSPITAL CLINICO DE MAGALLANES DR. LAUTARO NAVARRO AVARIA,Región de Magallanes y de la Antártica,20-08-2025 15:00:00,60.0,,40,28,85121902,Farmacias,USTEKINUMAB SOLUCIÓN INYECTABLE 90 MG/ML JERINGA PRELLENADA,29,https://www.mercadopublico.cl/Procurement/Modules/RFB/DetailsAcquisition.aspx?qs=Uyqu3XW+CeLx/Kcd/eyRog==
1058085-31-LE25,CONVENIO SUMINISTRO DE MEDICAMENTOS PROGRAMAS MINISTERIALES G-1 EN CASO DE NO DESPACHO DE CENABAST PARA EL HOSPITAL DEL SALVADOR,SERVICIO DE SALUD ORIENTE HOSPITAL DEL SALVADOR,Región Metropolitana de Santiago,11-03-2025 16:00:00,60.0,,40,1,51111716,Rituximab,"3002169967 TOCILIZUMAB 162 MG/0,9ML SOLUCIÓN INYECTABLE JERINGA",270,https://www.mercadopublico.cl/Procurement/Modules/RFB/DetailsAcquisition.aspx?qs=dv/IkNT9jYUlKcOBPvYG/A==
1058085-31-LE25,CONVENIO SUMINISTRO DE MEDICAMENTOS PROGRAMAS MINISTERIALES G-1 EN CASO DE NO DESPACHO DE CENABAST PARA EL HOSPITAL DEL SALVADOR,SERVICIO DE SALUD ORIENTE HOSPITAL DEL SALVADOR,Región Metropolitana de Santiago,11-03-2025 16:00:00,60.0,,40,2,51102323,Cidofovir,"3002148478 ENTECAVIR 0,5 MG COMPRIMIDO",7000,https://www.mercadopublico.cl/Procurement/Modules/RFB/DetailsAcquisition.aspx?qs=dv/IkNT9jYUlKcOBPvYG/A==
1058074-5-LQ25,MEDICAMENTOS ESPECIALES,INSTITUTO PSIQUIATRICO DR JOSE HORWITZ BARAK,Región Metropolitana de Santiago,13-10-2025 15:01:00,60.0,,40,1,51161504,Aminofilina,"AMINOFILINA 250 MG/10 ML AMPOLLA, SEGUN ART. 1 DE LAS BASES TECNICAS",1300,https://www.mercadopublico.cl/Procurement/Modules/RFB/DetailsAcquisition.aspx?qs=nuOToVNnRDpZ04IQbScruw==
1058074-5-LQ25,MEDICAMENTOS ESPECIALES,INSTITUTO PSIQUIATRICO DR JOSE HORWITZ BARAK,Región Metropolitana de Santiago,13-10-2025 15:01:00,60.0,,40,2,42171903,Cajas de medicamentos de servicios médicos de urgencia,"BREXPIPRAZOL 0,5 MG COM RECUBIERTO, SEGUN ART. 1 DE LAS BASES TECNICAS",4500,https://www.mercadopublico.cl/Procurement/Modules/RFB/DetailsAcquisition.aspx?qs=nuOToVNnRDpZ04IQbScruw==
1058074-5-LQ25,MEDICAMENTOS ESPECIALES,INSTITUTO PSIQUIATRICO DR JOSE HORWITZ BARAK,Región Metropolitana de Santiago,13-10-2025 15:01:00,60.0,,40,3,42171903,Cajas de medicamentos de servicios médicos de urgencia,"BREXPIPRAZOL 2 MG COM RECUBIERTO, SEGUN ART. 1 DE LAS BASES TECNICAS",3500,https://www.mercadopublico.cl/Procurement/Modules/RFB/DetailsAcquisition.aspx?qs=nuOToVNnRDpZ04IQbScruw==
1058074-5-LQ25,MEDICAMENTOS ESPECIALES,INSTITUTO PSIQUIATRICO DR JOSE HORWITZ BARAK,Región Metropolitana de Santiago,13-10-2025 15:01:00,60.0,,40,4,51141631,Clorhidrato de bupropión,"BUPROPION 150 MG COMPRIMIDO RECUBIERTO LIBERACIÓN PROLONGADA,SEGUN ART. 1 DE LAS BASES TECNICAS",105000,https://www.mercadopublico.cl/Procurement/Modules/RFB/DetailsAcquisition.aspx?qs=nuOToVNnRDpZ04IQbScruw==
1058074-5-LQ25,MEDICAMENTOS ESPECIALES,INSTITUTO PSIQUIATRICO DR JOSE HORWITZ BARAK,Región Metropolitana de Santiago,13-10-2025 15:01:00,60.0,,40,5,51101603,Metronidazol,"FLUPENTIXOL DECANOATO 20 MG/ML AMPOLLA, SEGUN ART. 1 DE LAS BASES TECNICAS",800,https://www.mercadopublico.cl/Procurement/Modules/RFB/DetailsAcquisition.aspx?qs=nuOToVNnRDpZ04IQbScruw==
1058074-5-LQ25,MEDICAMENTOS ESPECIALES,INSTITUTO PSIQUIATRICO DR JOSE HORWITZ BARAK,Región Metropolitana de Santiago,13-10-2025 15:01:00,60.0,,40,6,51141916,Lorazepam,"LORAZEPAM 4 MG/2 ML SOLUCIÓN INYECTABLE AMPOLLA, SEGUN ART. 1 DE LAS BASES TECNICAS",50000,https://www.mercadopublico.cl/Procurement/Modules/RFB/DetailsAcquisition.aspx?qs=nuOToVNnRDpZ04IQbScruw==
1058074-5-LQ25,MEDICAMENTOS ESPECIALES,INSTITUTO PSIQUIATRICO DR JOSE HORWITZ BARAK,Región Metropolitana de Santiago,13-10-2025 15:01:00,60.0,,40,7,73101701,Servicios de producción de medicamentos o medicinas,"LURASIDONA 20 MG COMPRIMIDO, SEGUN ART. 1 DE LAS BASES TECNICAS",4500,https://www.mercadopublico.cl/Procurement/Modules/RFB/DetailsAcquisition.aspx?qs=nuOToVNnRDpZ04IQbScruw==
1058074-5-LQ25,MEDICAMENTOS ESPECIALES,INSTITUTO PSIQUIATRICO DR JOSE HORWITZ BARAK,Región Metropolitana de Santiago,13-10-2025 15:01:00,60.0,,40,8,73101701,Servicios de producción de medicamentos o medicinas,"LURASIDONA 40 MG COMPRIMIDO, SEGUN ART. 1 DE LAS BASES TECNICAS",4500,https://www.mercadopublico.cl/Procurement/Modules/RFB/DetailsAcquisition.aspx?qs=nuOToVNnRDpZ04IQbScruw==
1058074-5-LQ25,MEDICAMENTOS ESPECIALES,INSTITUTO PSIQUIATRICO DR JOSE HORWITZ BARAK,Región Metropolitana de Santiago,13-10-2025 15:01:00,60.0,,40,9,51141703,Olanzapina,"OLANZAPINA 10 MG COMPRIMIDO BUCODISPERSABLE, SEGUN ART. 1 DE LAS BASES TECNICAS",30000,https://www.mercadopublico.cl/Procurement/Modules/RFB/DetailsAcquisition.aspx?qs=nuOToVNnRDpZ04IQbScruw==
1058074-5-LQ25,MEDICAMENTOS ESPECIALES,INSTITUTO PSIQUIATRICO DR JOSE HORWITZ BARAK,Región Metropolitana de Santiago,13-10-2025 15:01:00,60.0,,40,10,51141704,Risperidona,"RISPERIDONA 37,5 MG POLVO PARA SUSPENSION INYECTABLE DE LIBERACIÓN PROLONGADA FRASCO AMPOLLA, SEGUN ART. 1 DE LAS BASES TECNICAS",100,https://www.mercadopublico.cl/Procurement/Modules/RFB/DetailsAcquisition.aspx?qs=nuOToVNnRDpZ04IQbScruw==
1058074-5-LQ25,MEDICAMENTOS ESPECIALES,INSTITUTO PSIQUIATRICO DR JOSE HORWITZ BARAK,Región Metropolitana de Santiago,13-10-2025 15:01:00,60.0,,40,11,51142921,Tiopental sódico,"TIOPENTAL SÓDICO 470 MG POLVO PARA SOLUCIÓN INYECTABLE, SEGUN ART. 1 DE LAS BASES TECNICAS",1200,https://www.mercadopublico.cl/Procurement/Modules/RFB/DetailsAcquisition.aspx?qs=nuOToVNnRDpZ04IQbScruw==
1058074-5-LQ25,MEDICAMENTOS ESPECIALES,INSTITUTO PSIQUIATRICO DR JOSE HORWITZ BARAK,Región Metropolitana de Santiago,13-10-2025 15:01:00,60.0,,40,12,51141725,Clorhidrato de ziprasidona,"ZIPRASIDONA 40 MG CÁPSULA, SEGUN ART. 1 DE LAS BASES TECNICAS",9000,https://www.mercadopublico.cl/Procurement/Modules/RFB/DetailsAcquisition.aspx?qs=nuOToVNnRDpZ04IQbScruw==
1058074-5-LQ25,MEDICAMENTOS ESPECIALES,INSTITUTO PSIQUIATRICO DR JOSE HORWITZ BARAK,Región Metropolitana de Santiago,13-10-2025 15:01:00,60.0,,40,13,51141722,Fumarato de quetiapina,"ZUCLOPENTIXOL ACETATO 50 MG/ML AMPOLLA, SEGUN ART. 1 DE LAS BASES TECNICAS",800,https://www.mercadopublico.cl/Procurement/Modules/RFB/DetailsAcquisition.aspx?qs=nuOToVNnRDpZ04IQbScruw==
1058074-5-LQ25,MEDICAMENTOS ESPECIALES,INSTITUTO PSIQUIATRICO DR JOSE HORWITZ BARAK,Región Metropolitana de Santiago,13-10-2025 15:01:00,60.0,,40,14,51141606,Hidrocloruro de trazodona,"TRAZODONA 25 MG COMPRIMIDO, SEGUN ART. 1 DE LAS BASES TECNICAS",9000,https://www.mercadopublico.cl/Procurement/Modules/RFB/DetailsAcquisition.aspx?qs=nuOToVNnRDpZ04IQbScruw==
1058074-5-LQ25,MEDICAMENTOS ESPECIALES,INSTITUTO PSIQUIATRICO DR JOSE HORWITZ BARAK,Región Metropolitana de Santiago,13-10-2025 15:01:00,60.0,,40,15,51141913,Clormezanona,"CLORPROMAZINA 25 MG/2ML AMPOLLA, SEGUN ART. 1 DE LAS BASES TECNICAS",12000,https://www.mercadopublico.cl/Procurement/Modules/RFB/DetailsAcquisition.aspx?qs=nuOToVNnRDpZ04IQbScruw==
