award_date,source_url,lot_number,un_classification_code,item_title,buyer_specifications,lot_quantity,lot_total_line_raw,lot_total_line,HAS_AWARD,LOT_RESULT,AWARDED_SUPPLIER,AWARDED_UNIT_PRICE,AWARDED_AMOUNT,source_tender_url
2023-08-01,https://www.mercadopublico.cl/Procurement/Modules/RFB/StepsProcessAward/PreviewAwardAct.aspx?qs=ggvuv/L94RlA88n0ZHI4GQ==,1,51102301,Aciclovir,Aciclovir 400 mg comprimidos,2000,140.000,140000.0,YES,Awarded,76.956.140-4 ETHON PHARMACEUTICALS COMERCIALIZADORA IMP EXP Y DIST SPA,70.0,140000.0,https://www.mercadopublico.cl/Procurement/Modules/RFB/DetailsAcquisition.aspx?qs=ggvuv/L94RlA88n0ZHI4GQ==
2023-08-01,https://www.mercadopublico.cl/Procurement/Modules/RFB/StepsProcessAward/PreviewAwardAct.aspx?qs=ggvuv/L94RlA88n0ZHI4GQ==,2,51191905,Suplementos vitamínicos,Acido Fólico 5 mg Comprimidos,1500,22.500,22500.0,YES,Awarded,76.079.782-0 WINPHARM SPA,15.0,22500.0,https://www.mercadopublico.cl/Procurement/Modules/RFB/DetailsAcquisition.aspx?qs=ggvuv/L94RlA88n0ZHI4GQ==
2023-08-01,https://www.mercadopublico.cl/Procurement/Modules/RFB/StepsProcessAward/PreviewAwardAct.aspx?qs=ggvuv/L94RlA88n0ZHI4GQ==,3,51131808,Ácido aminocaproico,Acido Tranexámico 1000 Mg/ 10 Ml solución Inyectable,10,17.490,17490.0,YES,Awarded,76.830.090-9 FARMACEUTICA CARIBEAN SPA,1749.0,17490.0,https://www.mercadopublico.cl/Procurement/Modules/RFB/DetailsAcquisition.aspx?qs=ggvuv/L94RlA88n0ZHI4GQ==
2023-08-01,https://www.mercadopublico.cl/Procurement/Modules/RFB/StepsProcessAward/PreviewAwardAct.aspx?qs=ggvuv/L94RlA88n0ZHI4GQ==,4,51141531,Ácido valproico,Acido valproico 200 Mg Comprimidos,12000,1.599.960,1599960.0,YES,Awarded,80.447.400-5 MUNNICH PHARMA MEDICAL SPA,133.33,1599960.0,https://www.mercadopublico.cl/Procurement/Modules/RFB/DetailsAcquisition.aspx?qs=ggvuv/L94RlA88n0ZHI4GQ==
2023-08-01,https://www.mercadopublico.cl/Procurement/Modules/RFB/StepsProcessAward/PreviewAwardAct.aspx?qs=ggvuv/L94RlA88n0ZHI4GQ==,5,51241213,Preparado tópico de alquitrán de madera,Adapaleno 0.1 % Gel Tópico,10,24.000,24000.0,YES,Awarded,76.830.090-9 FARMACEUTICA CARIBEAN SPA,2400.0,24000.0,https://www.mercadopublico.cl/Procurement/Modules/RFB/DetailsAcquisition.aspx?qs=ggvuv/L94RlA88n0ZHI4GQ==
2023-08-01,https://www.mercadopublico.cl/Procurement/Modules/RFB/StepsProcessAward/PreviewAwardAct.aspx?qs=ggvuv/L94RlA88n0ZHI4GQ==,6,51121501,Adenosina,Adenosina 6 Mg/ 2 ml Solución Inyectable,18,216.000,216000.0,YES,Awarded,76.830.090-9 FARMACEUTICA CARIBEAN SPA,12000.0,216000.0,https://www.mercadopublico.cl/Procurement/Modules/RFB/DetailsAcquisition.aspx?qs=ggvuv/L94RlA88n0ZHI4GQ==
2023-08-01,https://www.mercadopublico.cl/Procurement/Modules/RFB/StepsProcessAward/PreviewAwardAct.aspx?qs=ggvuv/L94RlA88n0ZHI4GQ==,7,51121511,Clorhidrato de amiodarona,Amiodarona clorhidrato 150 Mg/ 3 Ml Solución Inyectable,100,67.000,67000.0,YES,Awarded,76.830.090-9 FARMACEUTICA CARIBEAN SPA,670.0,67000.0,https://www.mercadopublico.cl/Procurement/Modules/RFB/DetailsAcquisition.aspx?qs=ggvuv/L94RlA88n0ZHI4GQ==
2023-08-01,https://www.mercadopublico.cl/Procurement/Modules/RFB/StepsProcessAward/PreviewAwardAct.aspx?qs=ggvuv/L94RlA88n0ZHI4GQ==,8,51101511,Amoxicilina,Amoxicilina 250 mg/5ml polvo para suspensión oral,320,348.480,348480.0,YES,Awarded,80.447.400-5 MUNNICH PHARMA MEDICAL SPA,1089.0,348480.0,https://www.mercadopublico.cl/Procurement/Modules/RFB/DetailsAcquisition.aspx?qs=ggvuv/L94RlA88n0ZHI4GQ==
2023-08-01,https://www.mercadopublico.cl/Procurement/Modules/RFB/StepsProcessAward/PreviewAwardAct.aspx?qs=ggvuv/L94RlA88n0ZHI4GQ==,9,51151616,Atropina,Atropina Sulfato 1 Mg / 1 Ml Solución inyectable,100,14.300,14300.0,YES,Awarded,76.830.090-9 FARMACEUTICA CARIBEAN SPA,143.0,14300.0,https://www.mercadopublico.cl/Procurement/Modules/RFB/DetailsAcquisition.aspx?qs=ggvuv/L94RlA88n0ZHI4GQ==
2023-08-01,https://www.mercadopublico.cl/Procurement/Modules/RFB/StepsProcessAward/PreviewAwardAct.aspx?qs=ggvuv/L94RlA88n0ZHI4GQ==,10,51181701,Betametasona,Betametasona fosfato disódico 4 Mg/Ml Solución Inyectable,1000,136.000,136000.0,YES,Awarded,77.768.990-8 FARMACEUTICA INSUVAL S.A.,136.0,136000.0,https://www.mercadopublico.cl/Procurement/Modules/RFB/DetailsAcquisition.aspx?qs=ggvuv/L94RlA88n0ZHI4GQ==
2023-08-01,https://www.mercadopublico.cl/Procurement/Modules/RFB/StepsProcessAward/PreviewAwardAct.aspx?qs=ggvuv/L94RlA88n0ZHI4GQ==,11,51182403,Gluconato de calcio,Calcio Gluconato Granulado 10% frasco 100 Gr.,20,19.380,19380.0,YES,Awarded,76.830.090-9 FARMACEUTICA CARIBEAN SPA,969.0,19380.0,https://www.mercadopublico.cl/Procurement/Modules/RFB/DetailsAcquisition.aspx?qs=ggvuv/L94RlA88n0ZHI4GQ==
2023-08-01,https://www.mercadopublico.cl/Procurement/Modules/RFB/StepsProcessAward/PreviewAwardAct.aspx?qs=ggvuv/L94RlA88n0ZHI4GQ==,12,51121709,Carvedilol,Carvedilol 12.5 Mg comprimidos,20000,460.000,460000.0,YES,Awarded,77.596.940-7 LABORATORIO CHILE S A,23.0,460000.0,https://www.mercadopublico.cl/Procurement/Modules/RFB/DetailsAcquisition.aspx?qs=ggvuv/L94RlA88n0ZHI4GQ==
2023-08-01,https://www.mercadopublico.cl/Procurement/Modules/RFB/StepsProcessAward/PreviewAwardAct.aspx?qs=ggvuv/L94RlA88n0ZHI4GQ==,13,51121709,Carvedilol,Carvedilol 6.25 Mg Comprimidos,8000,176.000,176000.0,YES,Awarded,77.596.940-7 LABORATORIO CHILE S A,22.0,176000.0,https://www.mercadopublico.cl/Procurement/Modules/RFB/DetailsAcquisition.aspx?qs=ggvuv/L94RlA88n0ZHI4GQ==
2023-08-01,https://www.mercadopublico.cl/Procurement/Modules/RFB/StepsProcessAward/PreviewAwardAct.aspx?qs=ggvuv/L94RlA88n0ZHI4GQ==,14,51142131,Celecoxib,Celecoxib 200 Mg Capsulas,8000,255.200,255200.0,YES,Awarded,76.175.092-5 ASCEND LABORATORIES SPA,31.9,255200.0,https://www.mercadopublico.cl/Procurement/Modules/RFB/DetailsAcquisition.aspx?qs=ggvuv/L94RlA88n0ZHI4GQ==
2023-08-01,https://www.mercadopublico.cl/Procurement/Modules/RFB/StepsProcessAward/PreviewAwardAct.aspx?qs=ggvuv/L94RlA88n0ZHI4GQ==,15,51191905,Suplementos vitamínicos,Cianocobalamina 100 Mcg/ Ml Solución Inyectable,100,12.600,12600.0,YES,Awarded,76.830.090-9 FARMACEUTICA CARIBEAN SPA,126.0,12600.0,https://www.mercadopublico.cl/Procurement/Modules/RFB/DetailsAcquisition.aspx?qs=ggvuv/L94RlA88n0ZHI4GQ==
2023-08-01,https://www.mercadopublico.cl/Procurement/Modules/RFB/StepsProcessAward/PreviewAwardAct.aspx?qs=ggvuv/L94RlA88n0ZHI4GQ==,16,51181742,Propionato de clobetasol,Clobetasol Propionato Crema 0.05% tubo 25 GR.,20,9.500,9500.0,YES,Awarded,76.669.630-9 OPKO CHILE S.A.,475.0,9500.0,https://www.mercadopublico.cl/Procurement/Modules/RFB/DetailsAcquisition.aspx?qs=ggvuv/L94RlA88n0ZHI4GQ==
2023-08-01,https://www.mercadopublico.cl/Procurement/Modules/RFB/StepsProcessAward/PreviewAwardAct.aspx?qs=ggvuv/L94RlA88n0ZHI4GQ==,17,51131709,Bisulfato de clopidogrel,Clopidogrel 300 mg. Comprimidos,80,412.320,412320.0,YES,Awarded,76.834.916-9 DISTRIBUIDORA QUALIMED LIMITADA,5154.0,412320.0,https://www.mercadopublico.cl/Procurement/Modules/RFB/DetailsAcquisition.aspx?qs=ggvuv/L94RlA88n0ZHI4GQ==
2023-08-01,https://www.mercadopublico.cl/Procurement/Modules/RFB/StepsProcessAward/PreviewAwardAct.aspx?qs=ggvuv/L94RlA88n0ZHI4GQ==,18,51161630,Maleato de clorfeniramina,Clorfenamina 2 Mg/ 5 Ml Jarabe,1200,2.560.800,2560800.0,YES,Awarded,80.447.400-5 MUNNICH PHARMA MEDICAL SPA,2134.0,2560800.0,https://www.mercadopublico.cl/Procurement/Modules/RFB/DetailsAcquisition.aspx?qs=ggvuv/L94RlA88n0ZHI4GQ==
2023-08-01,https://www.mercadopublico.cl/Procurement/Modules/RFB/StepsProcessAward/PreviewAwardAct.aspx?qs=ggvuv/L94RlA88n0ZHI4GQ==,19,51101512,Cloxacilina,Cloxacilina Sódica 500 Mg Comprimido o Capsula,1000,0,0.0,NO,No Award,,,,https://www.mercadopublico.cl/Procurement/Modules/RFB/DetailsAcquisition.aspx?qs=ggvuv/L94RlA88n0ZHI4GQ==
2023-08-01,https://www.mercadopublico.cl/Procurement/Modules/RFB/StepsProcessAward/PreviewAwardAct.aspx?qs=ggvuv/L94RlA88n0ZHI4GQ==,20,51181704,Dexametasona,Dexametasona Fosfato Sódico 4 mg / 1 ml Solución Oral,200,100.000,100000.0,YES,Awarded,76.079.782-0 WINPHARM SPA,500.0,100000.0,https://www.mercadopublico.cl/Procurement/Modules/RFB/DetailsAcquisition.aspx?qs=ggvuv/L94RlA88n0ZHI4GQ==
2023-08-01,https://www.mercadopublico.cl/Procurement/Modules/RFB/StepsProcessAward/PreviewAwardAct.aspx?qs=ggvuv/L94RlA88n0ZHI4GQ==,21,51142121,Diclofenaco,Diclofenaco Sódico 12.5 Mg. Supositorio,100,10.380,10380.0,YES,Awarded,80.447.400-5 MUNNICH PHARMA MEDICAL SPA,103.8,10380.0,https://www.mercadopublico.cl/Procurement/Modules/RFB/DetailsAcquisition.aspx?qs=ggvuv/L94RlA88n0ZHI4GQ==
2023-08-01,https://www.mercadopublico.cl/Procurement/Modules/RFB/StepsProcessAward/PreviewAwardAct.aspx?qs=ggvuv/L94RlA88n0ZHI4GQ==,22,51121502,Digoxina,Digoxina 0.25 Mg Comprimidos,1000,25.000,25000.0,YES,Awarded,77.596.940-7 LABORATORIO CHILE S A,25.0,25000.0,https://www.mercadopublico.cl/Procurement/Modules/RFB/DetailsAcquisition.aspx?qs=ggvuv/L94RlA88n0ZHI4GQ==
2023-08-01,https://www.mercadopublico.cl/Procurement/Modules/RFB/StepsProcessAward/PreviewAwardAct.aspx?qs=ggvuv/L94RlA88n0ZHI4GQ==,23,51151737,Clorhidrato de dopamina,Dopamina 200 Mg 5 Ml Solución Inyectable,20,9.300,9300.0,YES,Awarded,76.830.090-9 FARMACEUTICA CARIBEAN SPA,465.0,9300.0,https://www.mercadopublico.cl/Procurement/Modules/RFB/DetailsAcquisition.aspx?qs=ggvuv/L94RlA88n0ZHI4GQ==
2023-08-01,https://www.mercadopublico.cl/Procurement/Modules/RFB/StepsProcessAward/PreviewAwardAct.aspx?qs=ggvuv/L94RlA88n0ZHI4GQ==,24,51121715,Enalapril,Enalapril 10 Mg Comprimidos,90000,531.000,531000.0,YES,Awarded,76.669.630-9 OPKO CHILE S.A.,5.9,531000.0,https://www.mercadopublico.cl/Procurement/Modules/RFB/DetailsAcquisition.aspx?qs=ggvuv/L94RlA88n0ZHI4GQ==
2023-08-01,https://www.mercadopublico.cl/Procurement/Modules/RFB/StepsProcessAward/PreviewAwardAct.aspx?qs=ggvuv/L94RlA88n0ZHI4GQ==,25,51151703,Epinefrina,Epinefrina 1 Mg/ 1 Ml Solución Inyectable,100,60.000,60000.0,YES,Awarded,76.079.782-0 WINPHARM SPA,600.0,60000.0,https://www.mercadopublico.cl/Procurement/Modules/RFB/DetailsAcquisition.aspx?qs=ggvuv/L94RlA88n0ZHI4GQ==
2023-08-01,https://www.mercadopublico.cl/Procurement/Modules/RFB/StepsProcessAward/PreviewAwardAct.aspx?qs=ggvuv/L94RlA88n0ZHI4GQ==,26,51141810,Zopiclona,Eszopiclona 3 Mg Comprimidos,4000,240.000,240000.0,YES,Awarded,76.079.782-0 WINPHARM SPA,60.0,240000.0,https://www.mercadopublico.cl/Procurement/Modules/RFB/DetailsAcquisition.aspx?qs=ggvuv/L94RlA88n0ZHI4GQ==
2023-08-01,https://www.mercadopublico.cl/Procurement/Modules/RFB/StepsProcessAward/PreviewAwardAct.aspx?qs=ggvuv/L94RlA88n0ZHI4GQ==,27,51101807,Fluconazol,Fluconazol 150 Mg. Capsula,200,36.000,36000.0,YES,Awarded,77.596.940-7 LABORATORIO CHILE S A,180.0,36000.0,https://www.mercadopublico.cl/Procurement/Modules/RFB/DetailsAcquisition.aspx?qs=ggvuv/L94RlA88n0ZHI4GQ==
2023-08-01,https://www.mercadopublico.cl/Procurement/Modules/RFB/StepsProcessAward/PreviewAwardAct.aspx?qs=ggvuv/L94RlA88n0ZHI4GQ==,28,51211606,Flumazenil,Flumazenil 0.5 MG/ 5 Ml Solución Inyectable,10,25.000,25000.0,YES,Awarded,76.079.782-0 WINPHARM SPA,2500.0,25000.0,https://www.mercadopublico.cl/Procurement/Modules/RFB/DetailsAcquisition.aspx?qs=ggvuv/L94RlA88n0ZHI4GQ==
2023-08-01,https://www.mercadopublico.cl/Procurement/Modules/RFB/StepsProcessAward/PreviewAwardAct.aspx?qs=ggvuv/L94RlA88n0ZHI4GQ==,29,51191601,Dextrosa,Glucosa al 5 % 250 Ml Solución Inyectable,20,19.600,19600.0,YES,Awarded,76.830.090-9 FARMACEUTICA CARIBEAN SPA,980.0,19600.0,https://www.mercadopublico.cl/Procurement/Modules/RFB/DetailsAcquisition.aspx?qs=ggvuv/L94RlA88n0ZHI4GQ==
2023-08-01,https://www.mercadopublico.cl/Procurement/Modules/RFB/StepsProcessAward/PreviewAwardAct.aspx?qs=ggvuv/L94RlA88n0ZHI4GQ==,30,51142106,Ibuprofeno,Ibuprofeno 200 Mg/ 5 Ml Suspensión Oral,500,1.266.500,1266500.0,YES,Awarded,80.447.400-5 MUNNICH PHARMA MEDICAL SPA,2533.0,1266500.0,https://www.mercadopublico.cl/Procurement/Modules/RFB/DetailsAcquisition.aspx?qs=ggvuv/L94RlA88n0ZHI4GQ==
2023-08-01,https://www.mercadopublico.cl/Procurement/Modules/RFB/StepsProcessAward/PreviewAwardAct.aspx?qs=ggvuv/L94RlA88n0ZHI4GQ==,31,51181506,Insulina,Insulina Retardada Humana 100 UI/ ML 10 Ml frasco ampolla,700,0,0.0,NO,No Award,,,,https://www.mercadopublico.cl/Procurement/Modules/RFB/DetailsAcquisition.aspx?qs=ggvuv/L94RlA88n0ZHI4GQ==
2023-08-01,https://www.mercadopublico.cl/Procurement/Modules/RFB/StepsProcessAward/PreviewAwardAct.aspx?qs=ggvuv/L94RlA88n0ZHI4GQ==,32,51161705,Bromuro de ipratropio,"Ipatropio Bromuro 0.25 Mg, 20 Ml. Solución Para Nebulización",10,180.900,180900.0,YES,Awarded,80.447.400-5 MUNNICH PHARMA MEDICAL SPA,18090.0,180900.0,https://www.mercadopublico.cl/Procurement/Modules/RFB/DetailsAcquisition.aspx?qs=ggvuv/L94RlA88n0ZHI4GQ==
2023-08-01,https://www.mercadopublico.cl/Procurement/Modules/RFB/StepsProcessAward/PreviewAwardAct.aspx?qs=ggvuv/L94RlA88n0ZHI4GQ==,33,51142123,Ketorolaco trometamol,Ketorolaco Trometamol 30 Mg./ 1 Ml Solución Inyectable,600,93.000,93000.0,YES,Awarded,76.830.090-9 FARMACEUTICA CARIBEAN SPA,155.0,93000.0,https://www.mercadopublico.cl/Procurement/Modules/RFB/DetailsAcquisition.aspx?qs=ggvuv/L94RlA88n0ZHI4GQ==
2023-08-01,https://www.mercadopublico.cl/Procurement/Modules/RFB/StepsProcessAward/PreviewAwardAct.aspx?qs=ggvuv/L94RlA88n0ZHI4GQ==,34,51151823,Clorhidrato de labetalol,Labetalol 100 Mg./ 20 Ml Solución Inyectable,5,0,0.0,NO,No Award,,,,https://www.mercadopublico.cl/Procurement/Modules/RFB/DetailsAcquisition.aspx?qs=ggvuv/L94RlA88n0ZHI4GQ==
2023-08-01,https://www.mercadopublico.cl/Procurement/Modules/RFB/StepsProcessAward/PreviewAwardAct.aspx?qs=ggvuv/L94RlA88n0ZHI4GQ==,35,51161606,Loratadina,Loratadina 10 Mg. Comprimidos,5000,55.000,55000.0,YES,Awarded,77.596.940-7 LABORATORIO CHILE S A,11.0,55000.0,https://www.mercadopublico.cl/Procurement/Modules/RFB/DetailsAcquisition.aspx?qs=ggvuv/L94RlA88n0ZHI4GQ==
2023-08-01,https://www.mercadopublico.cl/Procurement/Modules/RFB/StepsProcessAward/PreviewAwardAct.aspx?qs=ggvuv/L94RlA88n0ZHI4GQ==,36,51121710,Losartan potásico,Losartan 100 Mg Comprimidos,6000,300.000,300000.0,YES,Awarded,76.175.092-5 ASCEND LABORATORIES SPA,50.0,300000.0,https://www.mercadopublico.cl/Procurement/Modules/RFB/DetailsAcquisition.aspx?qs=ggvuv/L94RlA88n0ZHI4GQ==
2023-08-01,https://www.mercadopublico.cl/Procurement/Modules/RFB/StepsProcessAward/PreviewAwardAct.aspx?qs=ggvuv/L94RlA88n0ZHI4GQ==,37,51121710,Losartan potásico,Losartan 100 Mg Comprimidos,6000,0,0.0,NO,No Award,,,,https://www.mercadopublico.cl/Procurement/Modules/RFB/DetailsAcquisition.aspx?qs=ggvuv/L94RlA88n0ZHI4GQ==
2023-08-01,https://www.mercadopublico.cl/Procurement/Modules/RFB/StepsProcessAward/PreviewAwardAct.aspx?qs=ggvuv/L94RlA88n0ZHI4GQ==,38,51142210,Clorhidrato de etilmorfina,Morfina Clorhidrato 10 Mg./ 1 Ml Solución Inyectable,100,0,0.0,NO,No Award,,,,https://www.mercadopublico.cl/Procurement/Modules/RFB/DetailsAcquisition.aspx?qs=ggvuv/L94RlA88n0ZHI4GQ==
2023-08-01,https://www.mercadopublico.cl/Procurement/Modules/RFB/StepsProcessAward/PreviewAwardAct.aspx?qs=ggvuv/L94RlA88n0ZHI4GQ==,39,51211616,Antídotos,Naloxona 0.4 Mg/ 1 Ml Solución Inyectable,10,122.500,122500.0,YES,Awarded,76.055.804-4 INVERSIONES PHARMAVISAN SOCIEDAD ANONIMA,12250.0,122500.0,https://www.mercadopublico.cl/Procurement/Modules/RFB/DetailsAcquisition.aspx?qs=ggvuv/L94RlA88n0ZHI4GQ==
2023-08-01,https://www.mercadopublico.cl/Procurement/Modules/RFB/StepsProcessAward/PreviewAwardAct.aspx?qs=ggvuv/L94RlA88n0ZHI4GQ==,40,51121904,Nifedipina,Nifedipino Retard 20 Mg. Comprimidos,20000,300.000,300000.0,YES,Awarded,76.079.782-0 WINPHARM SPA,15.0,300000.0,https://www.mercadopublico.cl/Procurement/Modules/RFB/DetailsAcquisition.aspx?qs=ggvuv/L94RlA88n0ZHI4GQ==
2023-08-01,https://www.mercadopublico.cl/Procurement/Modules/RFB/StepsProcessAward/PreviewAwardAct.aspx?qs=ggvuv/L94RlA88n0ZHI4GQ==,41,51101815,Nistatina,Nistatina 100.000 UI Ungüento,50,0,0.0,NO,No Award,,,,https://www.mercadopublico.cl/Procurement/Modules/RFB/DetailsAcquisition.aspx?qs=ggvuv/L94RlA88n0ZHI4GQ==
2023-08-01,https://www.mercadopublico.cl/Procurement/Modules/RFB/StepsProcessAward/PreviewAwardAct.aspx?qs=ggvuv/L94RlA88n0ZHI4GQ==,42,51151703,Epinefrina,Norepinefrina 1 MG/ Ml Solución Inyectable,100,61.200,61200.0,YES,Awarded,77.596.940-7 LABORATORIO CHILE S A,612.0,61200.0,https://www.mercadopublico.cl/Procurement/Modules/RFB/DetailsAcquisition.aspx?qs=ggvuv/L94RlA88n0ZHI4GQ==
2023-08-01,https://www.mercadopublico.cl/Procurement/Modules/RFB/StepsProcessAward/PreviewAwardAct.aspx?qs=ggvuv/L94RlA88n0ZHI4GQ==,43,51171909,Omeprazol,Omeprazol 40 ml Frasco Ampolla,150,150.000,150000.0,YES,Awarded,76.079.782-0 WINPHARM SPA,1000.0,150000.0,https://www.mercadopublico.cl/Procurement/Modules/RFB/DetailsAcquisition.aspx?qs=ggvuv/L94RlA88n0ZHI4GQ==
2023-08-01,https://www.mercadopublico.cl/Procurement/Modules/RFB/StepsProcessAward/PreviewAwardAct.aspx?qs=ggvuv/L94RlA88n0ZHI4GQ==,44,51161812,Combinación clorfeniramina-acetaminofeno,Paracetamol 80 Mg Comprimidos,8000,152.000,152000.0,YES,Awarded,76.830.090-9 FARMACEUTICA CARIBEAN SPA,19.0,152000.0,https://www.mercadopublico.cl/Procurement/Modules/RFB/DetailsAcquisition.aspx?qs=ggvuv/L94RlA88n0ZHI4GQ==
2023-08-01,https://www.mercadopublico.cl/Procurement/Modules/RFB/StepsProcessAward/PreviewAwardAct.aspx?qs=ggvuv/L94RlA88n0ZHI4GQ==,45,51101507,Penicilina,Penicilina G- Benzatina 1.200.000 UI. Frasco Ampolla,200,52.000,52000.0,YES,Awarded,76.830.090-9 FARMACEUTICA CARIBEAN SPA,260.0,52000.0,https://www.mercadopublico.cl/Procurement/Modules/RFB/DetailsAcquisition.aspx?qs=ggvuv/L94RlA88n0ZHI4GQ==
2023-08-01,https://www.mercadopublico.cl/Procurement/Modules/RFB/StepsProcessAward/PreviewAwardAct.aspx?qs=ggvuv/L94RlA88n0ZHI4GQ==,46,51101507,Penicilina,Penicilina G-sodica 2.000.000 UI frasco ampolla,50,15.000,15000.0,YES,Awarded,76.830.090-9 FARMACEUTICA CARIBEAN SPA,300.0,15000.0,https://www.mercadopublico.cl/Procurement/Modules/RFB/DetailsAcquisition.aspx?qs=ggvuv/L94RlA88n0ZHI4GQ==
2023-08-01,https://www.mercadopublico.cl/Procurement/Modules/RFB/StepsProcessAward/PreviewAwardAct.aspx?qs=ggvuv/L94RlA88n0ZHI4GQ==,47,51101507,Penicilina,Piridoxina Clorhidrato 100 MG 1 ML Solución Inyectable,200,26.800,26800.0,YES,Awarded,76.830.090-9 FARMACEUTICA CARIBEAN SPA,134.0,26800.0,https://www.mercadopublico.cl/Procurement/Modules/RFB/DetailsAcquisition.aspx?qs=ggvuv/L94RlA88n0ZHI4GQ==
2023-08-01,https://www.mercadopublico.cl/Procurement/Modules/RFB/StepsProcessAward/PreviewAwardAct.aspx?qs=ggvuv/L94RlA88n0ZHI4GQ==,48,51181713,Prednisona,Prednisona 20 Mg/ 5 Ml Suspensión Oral,200,1.214.800,1214800.0,YES,Awarded,80.447.400-5 MUNNICH PHARMA MEDICAL SPA,6074.0,1214800.0,https://www.mercadopublico.cl/Procurement/Modules/RFB/DetailsAcquisition.aspx?qs=ggvuv/L94RlA88n0ZHI4GQ==
2023-08-01,https://www.mercadopublico.cl/Procurement/Modules/RFB/StepsProcessAward/PreviewAwardAct.aspx?qs=ggvuv/L94RlA88n0ZHI4GQ==,49,53131609,Protector solar,"Protector solar de rostro SFP 50+ UVA/UVB, CON HIDRATACION INTENSA, OIL CONTROL, APTO PARA PIEL SECA, GRASA, SENSIBLE Y/O ATOPICA, CON TEXTURA ULTRA LIGERA.",15,0,0.0,NO,No Award,,,,https://www.mercadopublico.cl/Procurement/Modules/RFB/DetailsAcquisition.aspx?qs=ggvuv/L94RlA88n0ZHI4GQ==
2023-08-01,https://www.mercadopublico.cl/Procurement/Modules/RFB/StepsProcessAward/PreviewAwardAct.aspx?qs=ggvuv/L94RlA88n0ZHI4GQ==,50,51171904,Hidrocloruro de ranitidina,Ranitidina 50 Mg/ 2 Ml Solución Inyectable,800,560.000,560000.0,YES,Awarded,76.079.782-0 WINPHARM SPA,700.0,560000.0,https://www.mercadopublico.cl/Procurement/Modules/RFB/DetailsAcquisition.aspx?qs=ggvuv/L94RlA88n0ZHI4GQ==
2023-08-01,https://www.mercadopublico.cl/Procurement/Modules/RFB/StepsProcessAward/PreviewAwardAct.aspx?qs=ggvuv/L94RlA88n0ZHI4GQ==,51,51161508,Sulfato de salbutamol,Salbutamol 5 Mg/ Ml Solución para Nebulizar,20,130.000,130000.0,YES,Awarded,96.519.830-k BPH SPA,6500.0,130000.0,https://www.mercadopublico.cl/Procurement/Modules/RFB/DetailsAcquisition.aspx?qs=ggvuv/L94RlA88n0ZHI4GQ==
2023-08-01,https://www.mercadopublico.cl/Procurement/Modules/RFB/StepsProcessAward/PreviewAwardAct.aspx?qs=ggvuv/L94RlA88n0ZHI4GQ==,52,51151916,Cloruro de succinilcolina,Succinilcolina 100 Mg 5 ML Solución Inyectable,10,0,0.0,NO,No Award,,,,https://www.mercadopublico.cl/Procurement/Modules/RFB/DetailsAcquisition.aspx?qs=ggvuv/L94RlA88n0ZHI4GQ==
2023-08-01,https://www.mercadopublico.cl/Procurement/Modules/RFB/StepsProcessAward/PreviewAwardAct.aspx?qs=ggvuv/L94RlA88n0ZHI4GQ==,53,51101818,Hidrocloruro de terbinafina,Terbinafina Tópica 1% Tubo 20 Gr.,30,30.450,30450.0,YES,Awarded,76.830.090-9 FARMACEUTICA CARIBEAN SPA,1015.0,30450.0,https://www.mercadopublico.cl/Procurement/Modules/RFB/DetailsAcquisition.aspx?qs=ggvuv/L94RlA88n0ZHI4GQ==
2023-08-01,https://www.mercadopublico.cl/Procurement/Modules/RFB/StepsProcessAward/PreviewAwardAct.aspx?qs=ggvuv/L94RlA88n0ZHI4GQ==,54,51142235,Clorhidrato de tramadol,Tramadol Clorhidrato 100 Mg/ 10 Ml Frasco con dispensador de gotas,300,180.000,180000.0,YES,Awarded,77.596.940-7 LABORATORIO CHILE S A,600.0,180000.0,https://www.mercadopublico.cl/Procurement/Modules/RFB/DetailsAcquisition.aspx?qs=ggvuv/L94RlA88n0ZHI4GQ==
2023-08-01,https://www.mercadopublico.cl/Procurement/Modules/RFB/StepsProcessAward/PreviewAwardAct.aspx?qs=ggvuv/L94RlA88n0ZHI4GQ==,55,51141606,Hidrocloruro de trazodona,Trazodona 100 Mg Comprimidos,1000,329.000,329000.0,YES,Awarded,80.447.400-5 MUNNICH PHARMA MEDICAL SPA,329.0,329000.0,https://www.mercadopublico.cl/Procurement/Modules/RFB/DetailsAcquisition.aspx?qs=ggvuv/L94RlA88n0ZHI4GQ==
2023-08-01,https://www.mercadopublico.cl/Procurement/Modules/RFB/StepsProcessAward/PreviewAwardAct.aspx?qs=ggvuv/L94RlA88n0ZHI4GQ==,56,51152004,Bromuro de vecuronio,Vecuronio Bromuro 10 Mg 2.5 Ml Solución Inyectable,10,40.000,40000.0,YES,Awarded,76.830.090-9 FARMACEUTICA CARIBEAN SPA,4000.0,40000.0,https://www.mercadopublico.cl/Procurement/Modules/RFB/DetailsAcquisition.aspx?qs=ggvuv/L94RlA88n0ZHI4GQ==
2023-08-01,https://www.mercadopublico.cl/Procurement/Modules/RFB/StepsProcessAward/PreviewAwardAct.aspx?qs=ggvuv/L94RlA88n0ZHI4GQ==,57,51121707,Verapamilo,Verapamilo 5 Mg 2 Ml Solución Inyectable,50,88.500,88500.0,YES,Awarded,76.830.090-9 FARMACEUTICA CARIBEAN SPA,1770.0,88500.0,https://www.mercadopublico.cl/Procurement/Modules/RFB/DetailsAcquisition.aspx?qs=ggvuv/L94RlA88n0ZHI4GQ==
2023-08-01,https://www.mercadopublico.cl/Procurement/Modules/RFB/StepsProcessAward/PreviewAwardAct.aspx?qs=ggvuv/L94RlA88n0ZHI4GQ==,58,51181516,Glibenclamida o gliburida,Vidagliptina 50 mg comprimidos,2500,490.000,490000.0,YES,Awarded,76.285.229-2 GALENICUM HEALTH CHILE SPA,196.0,490000.0,https://www.mercadopublico.cl/Procurement/Modules/RFB/DetailsAcquisition.aspx?qs=ggvuv/L94RlA88n0ZHI4GQ==
2023-08-01,https://www.mercadopublico.cl/Procurement/Modules/RFB/StepsProcessAward/PreviewAwardAct.aspx?qs=ggvuv/L94RlA88n0ZHI4GQ==,59,51191905,Suplementos vitamínicos,"Vitamina B1, B6, B12 Solución Inyectable",1000,943.000,943000.0,YES,Awarded,76.830.090-9 FARMACEUTICA CARIBEAN SPA,943.0,943000.0,https://www.mercadopublico.cl/Procurement/Modules/RFB/DetailsAcquisition.aspx?qs=ggvuv/L94RlA88n0ZHI4GQ==
2025-06-25,https://www.mercadopublico.cl/Procurement/Modules/RFB/StepsProcessAward/PreviewAwardAct.aspx?qs=6rcV+8hp+7CKxmTwzrzflA==,1,51201509,Daclizumab,"BEVACIZUMAB 2.5 MG /0,1ML OFTALMICO JER. PRELL. (SEGÚN BASES DE LICITACIÓN)",1,88.200.000,88200000.0,YES,Awarded,77.768.990-8 FARMACEUTICA INSUVAL S.A.,24500.0,88200000.0,https://www.mercadopublico.cl/Procurement/Modules/RFB/DetailsAcquisition.aspx?qs=6rcV+8hp+7CKxmTwzrzflA==
2025-08-25,https://www.mercadopublico.cl/Procurement/Modules/RFB/StepsProcessAward/PreviewAwardAct.aspx?qs=GcM/ceals3PB0lzHYzWvKw==,1,51111717,Trastuzumab,"50-219-100-262-00 DENOSUMAB 120 MG/1,7 ML",1,275.438,275438.0,YES,Awarded,88.466.300-8 TECNOFARMA S A,275438.0,275438.0,https://www.mercadopublico.cl/Procurement/Modules/RFB/DetailsAcquisition.aspx?qs=GcM/ceals3PB0lzHYzWvKw==
2025-08-25,https://www.mercadopublico.cl/Procurement/Modules/RFB/StepsProcessAward/PreviewAwardAct.aspx?qs=GcM/ceals3PB0lzHYzWvKw==,2,51111717,Trastuzumab,50-219-100-114-00 DENOSUMAB 60 MG (JER),1,181.643,181643.0,YES,Awarded,88.466.300-8 TECNOFARMA S A,181643.0,181643.0,https://www.mercadopublico.cl/Procurement/Modules/RFB/DetailsAcquisition.aspx?qs=GcM/ceals3PB0lzHYzWvKw==
2025-04-08,https://www.mercadopublico.cl/Procurement/Modules/RFB/StepsProcessAward/PreviewAwardAct.aspx?qs=h6qtyeuvrrXXXy1F7/2aYg==,1,51181506,Insulina,50-216-700-014-00 INSULINA GLARGINA 100UI/ML LAPIZ DESECHABLE 3ML,1,9.300,9300.0,YES,Awarded,92.251.000-8 SANOFI-AVENTIS DE CHILE S.A.,9300.0,9300.0,https://www.mercadopublico.cl/Procurement/Modules/RFB/DetailsAcquisition.aspx?qs=h6qtyeuvrrXXXy1F7/2aYg==
2025-07-17,https://www.mercadopublico.cl/Procurement/Modules/RFB/StepsProcessAward/PreviewAwardAct.aspx?qs=+ZEhfRqAjz3exgGgMGU37w==,2,51181506,Insulina,INSULINA GLARGINA 100 U.I/ML LAPIZ PRELLENADO 3 ML OBSERVACION: DESPACHO PARCIALIZADO SEGÚN REQUERIMIENTO DEL ESTABLECIMIENTO,1200,17.142.000,17142000.0,YES,Awarded,77.032.509-9 PHARMAXPRESS SPA,14285.0,17142000.0,https://www.mercadopublico.cl/Procurement/Modules/RFB/DetailsAcquisition.aspx?qs=+ZEhfRqAjz3exgGgMGU37w==
2025-07-22,https://www.mercadopublico.cl/Procurement/Modules/RFB/StepsProcessAward/PreviewAwardAct.aspx?qs=fWMM/JVMtnOGYQM8iW56WQ==,2,85121902,Farmacias,ASCIMINIB 40 MG CM,2880,118.074.240,118074240.0,YES,Awarded,83.002.400-k NOVARTIS CHILE S A,40998.0,118074240.0,https://www.mercadopublico.cl/Procurement/Modules/RFB/DetailsAcquisition.aspx?qs=fWMM/JVMtnOGYQM8iW56WQ==
2025-07-22,https://www.mercadopublico.cl/Procurement/Modules/RFB/StepsProcessAward/PreviewAwardAct.aspx?qs=fWMM/JVMtnOGYQM8iW56WQ==,4,85121902,Farmacias,AVELUMAB 200 MG / 20 ML FA,200,134.000.000,134000000.0,YES,Awarded,80.621.200-8 MERCK S A,670000.0,134000000.0,https://www.mercadopublico.cl/Procurement/Modules/RFB/DetailsAcquisition.aspx?qs=fWMM/JVMtnOGYQM8iW56WQ==
2025-07-22,https://www.mercadopublico.cl/Procurement/Modules/RFB/StepsProcessAward/PreviewAwardAct.aspx?qs=fWMM/JVMtnOGYQM8iW56WQ==,5,51111701,Sulfato de bleomicina,BLEOMICINA 15 U.I. LIOFILIZADO PARA SOLUCION INYECTABLE,120,5.400.000,5400000.0,YES,Awarded,96.519.830-k BPH SPA,45000.0,5400000.0,https://www.mercadopublico.cl/Procurement/Modules/RFB/DetailsAcquisition.aspx?qs=fWMM/JVMtnOGYQM8iW56WQ==
2025-07-22,https://www.mercadopublico.cl/Procurement/Modules/RFB/StepsProcessAward/PreviewAwardAct.aspx?qs=fWMM/JVMtnOGYQM8iW56WQ==,6,85121902,Farmacias,CETUXIMAB SOLUCION PARA PERFUSION 5 MG / ML (20 ML),350,72.972.200,72972200.0,YES,Awarded,80.621.200-8 MERCK S A,208492.0,72972200.0,https://www.mercadopublico.cl/Procurement/Modules/RFB/DetailsAcquisition.aspx?qs=fWMM/JVMtnOGYQM8iW56WQ==
2025-07-22,https://www.mercadopublico.cl/Procurement/Modules/RFB/StepsProcessAward/PreviewAwardAct.aspx?qs=fWMM/JVMtnOGYQM8iW56WQ==,8,85121902,Farmacias,DEXRAZOXANO 500 MG FA,24,4.833.648,4833648.0,YES,Awarded,88.466.300-8 TECNOFARMA S A,201402.0,4833648.0,https://www.mercadopublico.cl/Procurement/Modules/RFB/DetailsAcquisition.aspx?qs=fWMM/JVMtnOGYQM8iW56WQ==
2025-07-22,https://www.mercadopublico.cl/Procurement/Modules/RFB/StepsProcessAward/PreviewAwardAct.aspx?qs=fWMM/JVMtnOGYQM8iW56WQ==,9,51111604,Fosfato de fludarabina,FLUDARABINA 50 MG + 2 ML SOLVENTE,48,4.815.744,4815744.0,YES,Awarded,77.700.769-6 SANDOZ CHILE SPA,100328.0,4815744.0,https://www.mercadopublico.cl/Procurement/Modules/RFB/DetailsAcquisition.aspx?qs=fWMM/JVMtnOGYQM8iW56WQ==
2025-07-22,https://www.mercadopublico.cl/Procurement/Modules/RFB/StepsProcessAward/PreviewAwardAct.aspx?qs=fWMM/JVMtnOGYQM8iW56WQ==,11,51111610,Metotrexato,METOTREXATO 500 MG / 20 ML SOLUCION INYECTABLE (VIA I.V.- I.M.- INTRATECAL),12,0,0.0,NO,No Award,,,,https://www.mercadopublico.cl/Procurement/Modules/RFB/DetailsAcquisition.aspx?qs=fWMM/JVMtnOGYQM8iW56WQ==
2025-07-22,https://www.mercadopublico.cl/Procurement/Modules/RFB/StepsProcessAward/PreviewAwardAct.aspx?qs=fWMM/JVMtnOGYQM8iW56WQ==,12,85121902,Farmacias,"NETUPITANT / PALONOSETRON 300 MG / 0,5 MG CAP",240,17.160.000,17160000.0,YES,Awarded,76.237.266-5 LABORATORIOS ANDROMACO S.A.,71500.0,17160000.0,https://www.mercadopublico.cl/Procurement/Modules/RFB/DetailsAcquisition.aspx?qs=fWMM/JVMtnOGYQM8iW56WQ==
2025-07-22,https://www.mercadopublico.cl/Procurement/Modules/RFB/StepsProcessAward/PreviewAwardAct.aspx?qs=fWMM/JVMtnOGYQM8iW56WQ==,13,85121902,Farmacias,NIVOLUMAB 100 MG / 10 ML INY. VIAL,600,509.494.800,509494800.0,YES,Awarded,92.363.000-7 BRISTOL MYERS SQUIBB DE CHILE AGENC DE E R SQUIBB & SONS INTERAM CORPO,849158.0,509494800.0,https://www.mercadopublico.cl/Procurement/Modules/RFB/DetailsAcquisition.aspx?qs=fWMM/JVMtnOGYQM8iW56WQ==
2025-07-22,https://www.mercadopublico.cl/Procurement/Modules/RFB/StepsProcessAward/PreviewAwardAct.aspx?qs=fWMM/JVMtnOGYQM8iW56WQ==,14,85121902,Farmacias,NIVOLUMAB 40 MG / 4 ML INY. VIAL,300,101.898.600,101898600.0,YES,Awarded,92.363.000-7 BRISTOL MYERS SQUIBB DE CHILE AGENC DE E R SQUIBB & SONS INTERAM CORPO,339662.0,101898600.0,https://www.mercadopublico.cl/Procurement/Modules/RFB/DetailsAcquisition.aspx?qs=fWMM/JVMtnOGYQM8iW56WQ==
2025-07-22,https://www.mercadopublico.cl/Procurement/Modules/RFB/StepsProcessAward/PreviewAwardAct.aspx?qs=fWMM/JVMtnOGYQM8iW56WQ==,15,51201802,Filgrastim,"PEG FILGRASTIM 6 MG / 0,6 ML JGA",144,63.977.184,63977184.0,YES,Awarded,88.466.300-8 TECNOFARMA S A,444286.0,63977184.0,https://www.mercadopublico.cl/Procurement/Modules/RFB/DetailsAcquisition.aspx?qs=fWMM/JVMtnOGYQM8iW56WQ==
2025-07-22,https://www.mercadopublico.cl/Procurement/Modules/RFB/StepsProcessAward/PreviewAwardAct.aspx?qs=fWMM/JVMtnOGYQM8iW56WQ==,16,85121902,Farmacias,PEMBROLIZUMAB 100 MG/4 ML,400,696.000.000,696000000.0,YES,Awarded,"59.043.540-6 MERCK SHARP & DOHME (I.A) LLC,AGENCIA EN CHILE",1740000.0,696000000.0,https://www.mercadopublico.cl/Procurement/Modules/RFB/DetailsAcquisition.aspx?qs=fWMM/JVMtnOGYQM8iW56WQ==
2025-07-22,https://www.mercadopublico.cl/Procurement/Modules/RFB/StepsProcessAward/PreviewAwardAct.aspx?qs=fWMM/JVMtnOGYQM8iW56WQ==,17,85121902,Farmacias,PERTUZUMAB 1200 MG + TRASTUZUMAB 600 MG (SC),10,20.100.000,20100000.0,YES,Awarded,82.999.400-3 ROCHE CHILE LIMITADA,2010000.0,20100000.0,https://www.mercadopublico.cl/Procurement/Modules/RFB/DetailsAcquisition.aspx?qs=fWMM/JVMtnOGYQM8iW56WQ==
2025-07-22,https://www.mercadopublico.cl/Procurement/Modules/RFB/StepsProcessAward/PreviewAwardAct.aspx?qs=fWMM/JVMtnOGYQM8iW56WQ==,18,85121902,Farmacias,PERTUZUMAB 420 mg / 14 ML x 1 FA,84,129.736.572,129736572.0,YES,Awarded,82.999.400-3 ROCHE CHILE LIMITADA,1544483.0,129736572.0,https://www.mercadopublico.cl/Procurement/Modules/RFB/DetailsAcquisition.aspx?qs=fWMM/JVMtnOGYQM8iW56WQ==
2025-07-22,https://www.mercadopublico.cl/Procurement/Modules/RFB/StepsProcessAward/PreviewAwardAct.aspx?qs=fWMM/JVMtnOGYQM8iW56WQ==,19,85121902,Farmacias,PERTUZUMAB 600 MG + TRASTUZUMAB 600 MG (SC),30,60.300.000,60300000.0,YES,Awarded,82.999.400-3 ROCHE CHILE LIMITADA,2010000.0,60300000.0,https://www.mercadopublico.cl/Procurement/Modules/RFB/DetailsAcquisition.aspx?qs=fWMM/JVMtnOGYQM8iW56WQ==
2025-07-22,https://www.mercadopublico.cl/Procurement/Modules/RFB/StepsProcessAward/PreviewAwardAct.aspx?qs=fWMM/JVMtnOGYQM8iW56WQ==,21,85121902,Farmacias,RIBOCICLIB 200 MG CM,4536,136.982.664,136982664.0,YES,Awarded,83.002.400-k NOVARTIS CHILE S A,30199.0,136982664.0,https://www.mercadopublico.cl/Procurement/Modules/RFB/DetailsAcquisition.aspx?qs=fWMM/JVMtnOGYQM8iW56WQ==
2025-07-22,https://www.mercadopublico.cl/Procurement/Modules/RFB/StepsProcessAward/PreviewAwardAct.aspx?qs=fWMM/JVMtnOGYQM8iW56WQ==,22,51111716,Rituximab,"RITUXIMAB FA 1400 MG / 11,4 ML (VIA SC)",55,46.453.440,46453440.0,YES,Awarded,82.999.400-3 ROCHE CHILE LIMITADA,844608.0,46453440.0,https://www.mercadopublico.cl/Procurement/Modules/RFB/DetailsAcquisition.aspx?qs=fWMM/JVMtnOGYQM8iW56WQ==
2025-07-22,https://www.mercadopublico.cl/Procurement/Modules/RFB/StepsProcessAward/PreviewAwardAct.aspx?qs=fWMM/JVMtnOGYQM8iW56WQ==,24,85121902,Farmacias,TALIDOMIDA 100 MG CM,3000,2.613.000,2613000.0,YES,Awarded,88.466.300-8 TECNOFARMA S A,871.0,2613000.0,https://www.mercadopublico.cl/Procurement/Modules/RFB/DetailsAcquisition.aspx?qs=fWMM/JVMtnOGYQM8iW56WQ==
2025-07-22,https://www.mercadopublico.cl/Procurement/Modules/RFB/StepsProcessAward/PreviewAwardAct.aspx?qs=fWMM/JVMtnOGYQM8iW56WQ==,25,85121902,Farmacias,TOPOTECAN 4 MG LIOFILIZADO PARA SOLUCION INYECTABLE,50,11.000.000,11000000.0,YES,Awarded,88.597.500-3 LABORATORIO BIOSANO S A,220000.0,11000000.0,https://www.mercadopublico.cl/Procurement/Modules/RFB/DetailsAcquisition.aspx?qs=fWMM/JVMtnOGYQM8iW56WQ==
2025-07-22,https://www.mercadopublico.cl/Procurement/Modules/RFB/StepsProcessAward/PreviewAwardAct.aspx?qs=fWMM/JVMtnOGYQM8iW56WQ==,26,85121902,Farmacias,VINORELBINA 50 MG/ 5 ML SOLUCION INYECTABLE,12,0,0.0,NO,No Award,,,,https://www.mercadopublico.cl/Procurement/Modules/RFB/DetailsAcquisition.aspx?qs=fWMM/JVMtnOGYQM8iW56WQ==
2025-06-04,https://www.mercadopublico.cl/Procurement/Modules/RFB/StepsProcessAward/PreviewAwardAct.aspx?qs=jhOpds/CyjLribV2/zwPEA==,1,73101701,Servicios de producción de medicamentos o medicinas,5552690 ADENOSINA 6 mg 2 ml Inyectable,113,655.400,655400.0,YES,Awarded,79.581.120-6 DIFEM LABORATORIOS S A,5800.0,655400.0,https://www.mercadopublico.cl/Procurement/Modules/RFB/DetailsAcquisition.aspx?qs=jhOpds/CyjLribV2/zwPEA==
2025-06-04,https://www.mercadopublico.cl/Procurement/Modules/RFB/StepsProcessAward/PreviewAwardAct.aspx?qs=jhOpds/CyjLribV2/zwPEA==,2,73101701,Servicios de producción de medicamentos o medicinas,5552720 AMIODARONA CLORHIDRATO 150 mg 3 ml Inyectable,130,58.500,58500.0,YES,Awarded,88.597.500-3 LABORATORIO BIOSANO S A,450.0,58500.0,https://www.mercadopublico.cl/Procurement/Modules/RFB/DetailsAcquisition.aspx?qs=jhOpds/CyjLribV2/zwPEA==
2025-06-04,https://www.mercadopublico.cl/Procurement/Modules/RFB/StepsProcessAward/PreviewAwardAct.aspx?qs=jhOpds/CyjLribV2/zwPEA==,3,73101701,Servicios de producción de medicamentos o medicinas,5552730 ATROPINA 1 mg 1 ml Inyectable,260,31.200,31200.0,YES,Awarded,91.546.000-3 LABORATORIO SANDERSON SPA,120.0,31200.0,https://www.mercadopublico.cl/Procurement/Modules/RFB/DetailsAcquisition.aspx?qs=jhOpds/CyjLribV2/zwPEA==
2025-06-04,https://www.mercadopublico.cl/Procurement/Modules/RFB/StepsProcessAward/PreviewAwardAct.aspx?qs=jhOpds/CyjLribV2/zwPEA==,4,73101701,Servicios de producción de medicamentos o medicinas,5554630 BICARBONATO DE SODIO 2/3 M 250 ml Inyectable,130,191.620,191620.0,YES,Awarded,91.546.000-3 LABORATORIO SANDERSON SPA,1474.0,191620.0,https://www.mercadopublico.cl/Procurement/Modules/RFB/DetailsAcquisition.aspx?qs=jhOpds/CyjLribV2/zwPEA==
2025-06-04,https://www.mercadopublico.cl/Procurement/Modules/RFB/StepsProcessAward/PreviewAwardAct.aspx?qs=jhOpds/CyjLribV2/zwPEA==,5,73101701,Servicios de producción de medicamentos o medicinas,5552760 CALCIO CLORURO 10 % 10 ml Inyectable,200,145.600,145600.0,YES,Awarded,91.546.000-3 LABORATORIO SANDERSON SPA,728.0,145600.0,https://www.mercadopublico.cl/Procurement/Modules/RFB/DetailsAcquisition.aspx?qs=jhOpds/CyjLribV2/zwPEA==
2025-06-04,https://www.mercadopublico.cl/Procurement/Modules/RFB/StepsProcessAward/PreviewAwardAct.aspx?qs=jhOpds/CyjLribV2/zwPEA==,6,73101701,Servicios de producción de medicamentos o medicinas,5555270 CALCIO GLUCONATO 10 % 10 ml Inyectable,585,251.550,251550.0,YES,Awarded,91.546.000-3 LABORATORIO SANDERSON SPA,430.0,251550.0,https://www.mercadopublico.cl/Procurement/Modules/RFB/DetailsAcquisition.aspx?qs=jhOpds/CyjLribV2/zwPEA==
2025-06-04,https://www.mercadopublico.cl/Procurement/Modules/RFB/StepsProcessAward/PreviewAwardAct.aspx?qs=jhOpds/CyjLribV2/zwPEA==,7,73101701,Servicios de producción de medicamentos o medicinas,5552820 DESMOPRESINA INYECTABLE 15 mcg 1 ml Inyectable,4,117.748,117748.0,YES,Awarded,96.945.670-2 NOVOFARMA SERVICE S A,29437.0,117748.0,https://www.mercadopublico.cl/Procurement/Modules/RFB/DetailsAcquisition.aspx?qs=jhOpds/CyjLribV2/zwPEA==
2025-06-04,https://www.mercadopublico.cl/Procurement/Modules/RFB/StepsProcessAward/PreviewAwardAct.aspx?qs=jhOpds/CyjLribV2/zwPEA==,8,73101701,Servicios de producción de medicamentos o medicinas,5552840 DOBUTAMINA 250 mg 5 ml Inyectable,40,44.000,44000.0,YES,Awarded,88.597.500-3 LABORATORIO BIOSANO S A,1100.0,44000.0,https://www.mercadopublico.cl/Procurement/Modules/RFB/DetailsAcquisition.aspx?qs=jhOpds/CyjLribV2/zwPEA==
2025-06-04,https://www.mercadopublico.cl/Procurement/Modules/RFB/StepsProcessAward/PreviewAwardAct.aspx?qs=jhOpds/CyjLribV2/zwPEA==,9,73101701,Servicios de producción de medicamentos o medicinas,5552850 DOPAMINA 200 mg 5 ml Inyectable,65,28.795,28795.0,YES,Awarded,88.597.500-3 LABORATORIO BIOSANO S A,443.0,28795.0,https://www.mercadopublico.cl/Procurement/Modules/RFB/DetailsAcquisition.aspx?qs=jhOpds/CyjLribV2/zwPEA==
2025-06-04,https://www.mercadopublico.cl/Procurement/Modules/RFB/StepsProcessAward/PreviewAwardAct.aspx?qs=jhOpds/CyjLribV2/zwPEA==,10,73101701,Servicios de producción de medicamentos o medicinas,5555590 EFEDRINA SULFATO 60 mg 1 ml Inyectable,520,109.200,109200.0,YES,Awarded,91.546.000-3 LABORATORIO SANDERSON SPA,210.0,109200.0,https://www.mercadopublico.cl/Procurement/Modules/RFB/DetailsAcquisition.aspx?qs=jhOpds/CyjLribV2/zwPEA==
2025-06-04,https://www.mercadopublico.cl/Procurement/Modules/RFB/StepsProcessAward/PreviewAwardAct.aspx?qs=jhOpds/CyjLribV2/zwPEA==,12,73101701,Servicios de producción de medicamentos o medicinas,5552870 EPINEFRINA 1 mg 1 ml Inyectable,1105,784.550,784550.0,YES,Awarded,76.598.564-1 BLAU FARMACEUTICA CHILE SPA,710.0,784550.0,https://www.mercadopublico.cl/Procurement/Modules/RFB/DetailsAcquisition.aspx?qs=jhOpds/CyjLribV2/zwPEA==
2025-06-04,https://www.mercadopublico.cl/Procurement/Modules/RFB/StepsProcessAward/PreviewAwardAct.aspx?qs=jhOpds/CyjLribV2/zwPEA==,13,73101701,Servicios de producción de medicamentos o medicinas,5555690 ETOMIDATO 20 mg 10 ml Inyectable,33,214.500,214500.0,YES,Awarded,76.453.466-2 GADORPHARMA SPA,6500.0,214500.0,https://www.mercadopublico.cl/Procurement/Modules/RFB/DetailsAcquisition.aspx?qs=jhOpds/CyjLribV2/zwPEA==
2025-06-04,https://www.mercadopublico.cl/Procurement/Modules/RFB/StepsProcessAward/PreviewAwardAct.aspx?qs=jhOpds/CyjLribV2/zwPEA==,14,73101701,Servicios de producción de medicamentos o medicinas,"5558810 FACTOR DE COAGULACIÓN II,VII,IX,X (OCTAPLEX) Inyectable",12,2.518.800,2518800.0,YES,Awarded,76.432.529-K CSL BEHRING SPA,209900.0,2518800.0,https://www.mercadopublico.cl/Procurement/Modules/RFB/DetailsAcquisition.aspx?qs=jhOpds/CyjLribV2/zwPEA==
2025-06-04,https://www.mercadopublico.cl/Procurement/Modules/RFB/StepsProcessAward/PreviewAwardAct.aspx?qs=jhOpds/CyjLribV2/zwPEA==,16,73101701,Servicios de producción de medicamentos o medicinas,5554700 HIDROXIETILALMIDON 6 % 500 ml Inyectable,50,520.000,520000.0,YES,Awarded,77.478.120-k FRESENIUS KABI CHILE LIMITADA,10400.0,520000.0,https://www.mercadopublico.cl/Procurement/Modules/RFB/DetailsAcquisition.aspx?qs=jhOpds/CyjLribV2/zwPEA==
2025-06-04,https://www.mercadopublico.cl/Procurement/Modules/RFB/StepsProcessAward/PreviewAwardAct.aspx?qs=jhOpds/CyjLribV2/zwPEA==,17,73101701,Servicios de producción de medicamentos o medicinas,"5557450 LANATOSIDO C 0,4 mg 2 ml Inyectable",130,130.000,130000.0,YES,Awarded,91.546.000-3 LABORATORIO SANDERSON SPA,1000.0,130000.0,https://www.mercadopublico.cl/Procurement/Modules/RFB/DetailsAcquisition.aspx?qs=jhOpds/CyjLribV2/zwPEA==
2025-06-04,https://www.mercadopublico.cl/Procurement/Modules/RFB/StepsProcessAward/PreviewAwardAct.aspx?qs=jhOpds/CyjLribV2/zwPEA==,19,73101701,Servicios de producción de medicamentos o medicinas,5556660 MANITOL 15 % 500 ml Inyectable,13,21.814,21814.0,YES,Awarded,91.546.000-3 LABORATORIO SANDERSON SPA,1678.0,21814.0,https://www.mercadopublico.cl/Procurement/Modules/RFB/DetailsAcquisition.aspx?qs=jhOpds/CyjLribV2/zwPEA==
2025-06-04,https://www.mercadopublico.cl/Procurement/Modules/RFB/StepsProcessAward/PreviewAwardAct.aspx?qs=jhOpds/CyjLribV2/zwPEA==,20,73101701,Servicios de producción de medicamentos o medicinas,5556470 MILRINONA 10 mg 10 ml Inyectable,237,1.776.315,1776315.0,YES,Awarded,77.240.238-4 EMCURE PHARMA CHILE SPA,7495.0,1776315.0,https://www.mercadopublico.cl/Procurement/Modules/RFB/DetailsAcquisition.aspx?qs=jhOpds/CyjLribV2/zwPEA==
2025-06-04,https://www.mercadopublico.cl/Procurement/Modules/RFB/StepsProcessAward/PreviewAwardAct.aspx?qs=jhOpds/CyjLribV2/zwPEA==,21,73101701,Servicios de producción de medicamentos o medicinas,5553660 PAMIDRONATO 90 mg 3 ml Inyectable,3,64.728,64728.0,YES,Awarded,76.453.466-2 GADORPHARMA SPA,21576.0,64728.0,https://www.mercadopublico.cl/Procurement/Modules/RFB/DetailsAcquisition.aspx?qs=jhOpds/CyjLribV2/zwPEA==
2025-06-04,https://www.mercadopublico.cl/Procurement/Modules/RFB/StepsProcessAward/PreviewAwardAct.aspx?qs=jhOpds/CyjLribV2/zwPEA==,22,73101701,Servicios de producción de medicamentos o medicinas,5556590 PARACETAMOL 1000 mg 100 ml Inyectable,5857,5.798.430,5798430.0,YES,Awarded,76.099.325-5 MEDINOVA LIMITADA,990.0,5798430.0,https://www.mercadopublico.cl/Procurement/Modules/RFB/DetailsAcquisition.aspx?qs=jhOpds/CyjLribV2/zwPEA==
2025-06-04,https://www.mercadopublico.cl/Procurement/Modules/RFB/StepsProcessAward/PreviewAwardAct.aspx?qs=jhOpds/CyjLribV2/zwPEA==,23,73101701,Servicios de producción de medicamentos o medicinas,"5559830 PICOSULFATO DE SODIO 0,75 % 10 ml Solución gotas orales",65,101.725,101725.0,YES,Awarded,94.544.000-7 MEGALABS CHILE S.A,1565.0,101725.0,https://www.mercadopublico.cl/Procurement/Modules/RFB/DetailsAcquisition.aspx?qs=jhOpds/CyjLribV2/zwPEA==
2025-06-04,https://www.mercadopublico.cl/Procurement/Modules/RFB/StepsProcessAward/PreviewAwardAct.aspx?qs=jhOpds/CyjLribV2/zwPEA==,24,73101701,Servicios de producción de medicamentos o medicinas,5559989 RITUXIMAB 500 mg 50 ml Inyectable,8,1.032.032,1032032.0,YES,Awarded,77.700.769-6 SANDOZ CHILE SPA,129004.0,1032032.0,https://www.mercadopublico.cl/Procurement/Modules/RFB/DetailsAcquisition.aspx?qs=jhOpds/CyjLribV2/zwPEA==
2025-06-04,https://www.mercadopublico.cl/Procurement/Modules/RFB/StepsProcessAward/PreviewAwardAct.aspx?qs=jhOpds/CyjLribV2/zwPEA==,25,73101701,Servicios de producción de medicamentos o medicinas,5552110 SULFASALAZINA 500 mg Comprimido,1365,244.335,244335.0,YES,Awarded,76.834.916-9 DISTRIBUIDORA QUALIMED LIMITADA,179.0,244335.0,https://www.mercadopublico.cl/Procurement/Modules/RFB/DetailsAcquisition.aspx?qs=jhOpds/CyjLribV2/zwPEA==
2025-06-04,https://www.mercadopublico.cl/Procurement/Modules/RFB/StepsProcessAward/PreviewAwardAct.aspx?qs=jhOpds/CyjLribV2/zwPEA==,27,73101701,Servicios de producción de medicamentos o medicinas,5560014 TICAGRELOR 90 mg Comprimido,3647,2.844.660,2844660.0,YES,Awarded,76.133.312-7 LABORATORIO HOSPIFARMA CHILE LIMITADA,780.0,2844660.0,https://www.mercadopublico.cl/Procurement/Modules/RFB/DetailsAcquisition.aspx?qs=jhOpds/CyjLribV2/zwPEA==
2025-06-04,https://www.mercadopublico.cl/Procurement/Modules/RFB/StepsProcessAward/PreviewAwardAct.aspx?qs=jhOpds/CyjLribV2/zwPEA==,28,73101701,Servicios de producción de medicamentos o medicinas,"5560015 TIROFIBAN 0,25 mg 1 ml Inyectable",1,317.520,317520.0,YES,Awarded,76.328.242-2 ASPEN CHILE S.A.,317520.0,317520.0,https://www.mercadopublico.cl/Procurement/Modules/RFB/DetailsAcquisition.aspx?qs=jhOpds/CyjLribV2/zwPEA==
2025-06-04,https://www.mercadopublico.cl/Procurement/Modules/RFB/StepsProcessAward/PreviewAwardAct.aspx?qs=jhOpds/CyjLribV2/zwPEA==,29,73101701,Servicios de producción de medicamentos o medicinas,5558630 URAPIDIL 100 mg 20 ml Inyectable,190,4.138.200,4138200.0,YES,Awarded,76.383.221-K EXELTIS CHILE SPA,21780.0,4138200.0,https://www.mercadopublico.cl/Procurement/Modules/RFB/DetailsAcquisition.aspx?qs=jhOpds/CyjLribV2/zwPEA==
2025-06-04,https://www.mercadopublico.cl/Procurement/Modules/RFB/StepsProcessAward/PreviewAwardAct.aspx?qs=jhOpds/CyjLribV2/zwPEA==,30,73101701,Servicios de producción de medicamentos o medicinas,5559900 URAPIDIL 50 mg 10 ml Inyectable,280,3.662.960,3662960.0,YES,Awarded,76.383.221-K EXELTIS CHILE SPA,13082.0,3662960.0,https://www.mercadopublico.cl/Procurement/Modules/RFB/DetailsAcquisition.aspx?qs=jhOpds/CyjLribV2/zwPEA==
2025-02-14,https://www.mercadopublico.cl/Procurement/Modules/RFB/StepsProcessAward/PreviewAwardAct.aspx?qs=dUtTPHJvFYDifAKt8JeFIA==,1,51111716,Rituximab,50-219-200-040-00 RITUXIMAB 500 MG SOLUCION INYECTABLE EQUIVALENTE,451,43.521.500,43521500.0,YES,Awarded,76.975.985-9 CELLTRION HEALTHCARE CHILE SPA,96500.0,43521500.0,https://www.mercadopublico.cl/Procurement/Modules/RFB/DetailsAcquisition.aspx?qs=dUtTPHJvFYDifAKt8JeFIA==
2025-09-15,https://www.mercadopublico.cl/Procurement/Modules/RFB/StepsProcessAward/PreviewAwardAct.aspx?qs=Uyqu3XW+CeLx/Kcd/eyRog==,1,85121902,Farmacias,ABROCITINIB 100 MG COMPRIMIDO RECUBIERTO,2160,34.713.360,34713360.0,YES,Awarded,96.981.250-9 PFIZER CHILE S.A.,16071.0,34713360.0,https://www.mercadopublico.cl/Procurement/Modules/RFB/DetailsAcquisition.aspx?qs=Uyqu3XW+CeLx/Kcd/eyRog==
2025-09-15,https://www.mercadopublico.cl/Procurement/Modules/RFB/StepsProcessAward/PreviewAwardAct.aspx?qs=Uyqu3XW+CeLx/Kcd/eyRog==,2,85121902,Farmacias,ABROCITINIB 200 MG COMPRIMIDO RECUBIERTO,7200,150.940.800,150940800.0,YES,Awarded,96.981.250-9 PFIZER CHILE S.A.,20964.0,150940800.0,https://www.mercadopublico.cl/Procurement/Modules/RFB/DetailsAcquisition.aspx?qs=Uyqu3XW+CeLx/Kcd/eyRog==
2025-09-15,https://www.mercadopublico.cl/Procurement/Modules/RFB/StepsProcessAward/PreviewAwardAct.aspx?qs=Uyqu3XW+CeLx/Kcd/eyRog==,3,51141531,Ácido valproico,ACIDO VALPROICO 375 MG/ML SOLUCION PARA GOTAS ORALES - FCO 25 ML. (1 ML = 40 GOTAS),960,13.470.720,13470720.0,YES,Awarded,96.945.670-2 NOVOFARMA SERVICE S A,14032.0,13470720.0,https://www.mercadopublico.cl/Procurement/Modules/RFB/DetailsAcquisition.aspx?qs=Uyqu3XW+CeLx/Kcd/eyRog==
2025-09-15,https://www.mercadopublico.cl/Procurement/Modules/RFB/StepsProcessAward/PreviewAwardAct.aspx?qs=Uyqu3XW+CeLx/Kcd/eyRog==,4,85121902,Farmacias,BENRALIZUMAB 30 MG/ML JERINGA PRELLENADA,72,114.822.576,114822576.0,YES,Awarded,76.447.530-5 ASTRAZENECA SA,1594758.0,114822576.0,https://www.mercadopublico.cl/Procurement/Modules/RFB/DetailsAcquisition.aspx?qs=Uyqu3XW+CeLx/Kcd/eyRog==
2025-09-15,https://www.mercadopublico.cl/Procurement/Modules/RFB/StepsProcessAward/PreviewAwardAct.aspx?qs=Uyqu3XW+CeLx/Kcd/eyRog==,5,85121902,Farmacias,DEUCRAVACITINIB 6 MG COMPRIMIDO RECUBIERTO,2880,63.483.840,63483840.0,YES,Awarded,92.363.000-7 BRISTOL MYERS SQUIBB DE CHILE AGENC DE E R SQUIBB & SONS INTERAM CORPO,22043.0,63483840.0,https://www.mercadopublico.cl/Procurement/Modules/RFB/DetailsAcquisition.aspx?qs=Uyqu3XW+CeLx/Kcd/eyRog==
2025-09-15,https://www.mercadopublico.cl/Procurement/Modules/RFB/StepsProcessAward/PreviewAwardAct.aspx?qs=Uyqu3XW+CeLx/Kcd/eyRog==,6,85121902,Farmacias,DUPILUMAB 300 MG/2 ML JERINGA PRELLENADA,96,57.120.000,57120000.0,YES,Awarded,92.251.000-8 SANOFI-AVENTIS DE CHILE S.A.,595000.0,57120000.0,https://www.mercadopublico.cl/Procurement/Modules/RFB/DetailsAcquisition.aspx?qs=Uyqu3XW+CeLx/Kcd/eyRog==
2025-09-15,https://www.mercadopublico.cl/Procurement/Modules/RFB/StepsProcessAward/PreviewAwardAct.aspx?qs=Uyqu3XW+CeLx/Kcd/eyRog==,7,85121902,Farmacias,"DUPILUMAB SOLUCIÓN INYECTABLE 200 MG/1,14 ML JERINGA PRELLENADA",240,103.058.400,103058400.0,YES,Awarded,92.251.000-8 SANOFI-AVENTIS DE CHILE S.A.,429410.0,103058400.0,https://www.mercadopublico.cl/Procurement/Modules/RFB/DetailsAcquisition.aspx?qs=Uyqu3XW+CeLx/Kcd/eyRog==
2025-09-15,https://www.mercadopublico.cl/Procurement/Modules/RFB/StepsProcessAward/PreviewAwardAct.aspx?qs=Uyqu3XW+CeLx/Kcd/eyRog==,8,51181722,Fluticasona,FLUTICASONA/UMECLIDINIO/VILANTEROL 92/55/22 MCG POLVO PARA INHALACION ORAL,2880,120.960.000,120960000.0,YES,Awarded,85.025.700-0 GLAXOSMITHKLINE CHILE FARMACEUTICA LIMITADA,42000.0,120960000.0,https://www.mercadopublico.cl/Procurement/Modules/RFB/DetailsAcquisition.aspx?qs=Uyqu3XW+CeLx/Kcd/eyRog==
2025-09-15,https://www.mercadopublico.cl/Procurement/Modules/RFB/StepsProcessAward/PreviewAwardAct.aspx?qs=Uyqu3XW+CeLx/Kcd/eyRog==,9,85121902,Farmacias,"GOLIMUMAB SOLUCION INYECTABLE 50 MG / 0,5 ML JERINGA PRELLENADA",120,79.200.000,79200000.0,YES,Awarded,93.745.000-1 JOHNSON Y JOHNSON DE CHILE S A,660000.0,79200000.0,https://www.mercadopublico.cl/Procurement/Modules/RFB/DetailsAcquisition.aspx?qs=Uyqu3XW+CeLx/Kcd/eyRog==
2025-09-15,https://www.mercadopublico.cl/Procurement/Modules/RFB/StepsProcessAward/PreviewAwardAct.aspx?qs=Uyqu3XW+CeLx/Kcd/eyRog==,10,85121902,Farmacias,INDACATEROL MALEATO 110 MCG / GLICOPIRRONIO BROMURO 50 MCG POLVO PARA INHALACION EN CAPSULA,84000,105.504.000,105504000.0,YES,Awarded,83.002.400-k NOVARTIS CHILE S A,1256.0,105504000.0,https://www.mercadopublico.cl/Procurement/Modules/RFB/DetailsAcquisition.aspx?qs=Uyqu3XW+CeLx/Kcd/eyRog==
2025-09-15,https://www.mercadopublico.cl/Procurement/Modules/RFB/StepsProcessAward/PreviewAwardAct.aspx?qs=Uyqu3XW+CeLx/Kcd/eyRog==,11,85121902,Farmacias,LIRAGLUTIDA 6MG/ML SOLUCION EN DISPOSITIVO PRELLENADO + 20 AGUJAS PARA ADMINISTRACIÓN,288,11.520.000,11520000.0,YES,Awarded,76.711.330-7 NOVO NORDISK FARMACEUTICA LIMITADA,40000.0,11520000.0,https://www.mercadopublico.cl/Procurement/Modules/RFB/DetailsAcquisition.aspx?qs=Uyqu3XW+CeLx/Kcd/eyRog==
2025-09-15,https://www.mercadopublico.cl/Procurement/Modules/RFB/StepsProcessAward/PreviewAwardAct.aspx?qs=Uyqu3XW+CeLx/Kcd/eyRog==,12,51111610,Metotrexato,"METOTREXATO 20 MG/0,4 ML JERINGA PRELLENADA",6720,149.184.000,149184000.0,YES,Awarded,99.565.040-1 LABORATORIOS KAMPAR S A,22200.0,149184000.0,https://www.mercadopublico.cl/Procurement/Modules/RFB/DetailsAcquisition.aspx?qs=Uyqu3XW+CeLx/Kcd/eyRog==
2025-09-15,https://www.mercadopublico.cl/Procurement/Modules/RFB/StepsProcessAward/PreviewAwardAct.aspx?qs=Uyqu3XW+CeLx/Kcd/eyRog==,14,85121902,Farmacias,OMALIZUMAB SOLUCIÓN INYECTABLE 150 MG/ML JERINGA PRELLENADA,58,23.905.744,23905744.0,YES,Awarded,83.002.400-k NOVARTIS CHILE S A,412168.0,23905744.0,https://www.mercadopublico.cl/Procurement/Modules/RFB/DetailsAcquisition.aspx?qs=Uyqu3XW+CeLx/Kcd/eyRog==
2025-09-15,https://www.mercadopublico.cl/Procurement/Modules/RFB/StepsProcessAward/PreviewAwardAct.aspx?qs=Uyqu3XW+CeLx/Kcd/eyRog==,15,51121733,Valsartan,SACUBITRILO/VALSARTAN 100 MG COMPRIMIDO RECUBIERTO,28800,31.392.000,31392000.0,YES,Awarded,96.945.670-2 NOVOFARMA SERVICE S A,1090.0,31392000.0,https://www.mercadopublico.cl/Procurement/Modules/RFB/DetailsAcquisition.aspx?qs=Uyqu3XW+CeLx/Kcd/eyRog==
2025-09-15,https://www.mercadopublico.cl/Procurement/Modules/RFB/StepsProcessAward/PreviewAwardAct.aspx?qs=Uyqu3XW+CeLx/Kcd/eyRog==,16,51121733,Valsartan,SACUBITRILO/VALSARTAN 50 MG COMPRIMIDO RECUBIERTO,144000,142.416.000,142416000.0,YES,Awarded,96.945.670-2 NOVOFARMA SERVICE S A,989.0,142416000.0,https://www.mercadopublico.cl/Procurement/Modules/RFB/DetailsAcquisition.aspx?qs=Uyqu3XW+CeLx/Kcd/eyRog==
2025-09-15,https://www.mercadopublico.cl/Procurement/Modules/RFB/StepsProcessAward/PreviewAwardAct.aspx?qs=Uyqu3XW+CeLx/Kcd/eyRog==,17,85121902,Farmacias,SECUKINUMAB 300 MG/2 ML JERINGA PRELLENADA,480,303.965.280,303965280.0,YES,Awarded,83.002.400-k NOVARTIS CHILE S A,633261.0,303965280.0,https://www.mercadopublico.cl/Procurement/Modules/RFB/DetailsAcquisition.aspx?qs=Uyqu3XW+CeLx/Kcd/eyRog==
2025-09-15,https://www.mercadopublico.cl/Procurement/Modules/RFB/StepsProcessAward/PreviewAwardAct.aspx?qs=Uyqu3XW+CeLx/Kcd/eyRog==,18,85121902,Farmacias,SECUKINUMAB SOLUCIÓN INYECTABLE 150 MG/ML JERINGA PRELLENADA,1200,0,0.0,NO,No Award,,,,https://www.mercadopublico.cl/Procurement/Modules/RFB/DetailsAcquisition.aspx?qs=Uyqu3XW+CeLx/Kcd/eyRog==
2025-09-15,https://www.mercadopublico.cl/Procurement/Modules/RFB/StepsProcessAward/PreviewAwardAct.aspx?qs=Uyqu3XW+CeLx/Kcd/eyRog==,20,85121902,Farmacias,"SEMAGLUTIDE 2 MG, LAPIZ FLEXTOUCH 1,5 ML DISPOSITIVO PRELLENADO",960,85.440.000,85440000.0,YES,Awarded,76.711.330-7 NOVO NORDISK FARMACEUTICA LIMITADA,89000.0,85440000.0,https://www.mercadopublico.cl/Procurement/Modules/RFB/DetailsAcquisition.aspx?qs=Uyqu3XW+CeLx/Kcd/eyRog==
2025-09-15,https://www.mercadopublico.cl/Procurement/Modules/RFB/StepsProcessAward/PreviewAwardAct.aspx?qs=Uyqu3XW+CeLx/Kcd/eyRog==,21,85121902,Farmacias,"SEMAGLUTIDE 4 MG, LAPIZ FLEXTOUCH 3 ML DISPOSITIVO PRELLENADO",4800,427.200.000,427200000.0,YES,Awarded,76.711.330-7 NOVO NORDISK FARMACEUTICA LIMITADA,89000.0,427200000.0,https://www.mercadopublico.cl/Procurement/Modules/RFB/DetailsAcquisition.aspx?qs=Uyqu3XW+CeLx/Kcd/eyRog==
2025-09-15,https://www.mercadopublico.cl/Procurement/Modules/RFB/StepsProcessAward/PreviewAwardAct.aspx?qs=Uyqu3XW+CeLx/Kcd/eyRog==,22,85121902,Farmacias,SOFOSBUVIR/ VELPATASVIR 400MG/100 MG COMPRIMIDO RECUBIERTO,672,40.541.088,40541088.0,YES,Awarded,76.084.945-6 GADOR LIMITADA,60329.0,40541088.0,https://www.mercadopublico.cl/Procurement/Modules/RFB/DetailsAcquisition.aspx?qs=Uyqu3XW+CeLx/Kcd/eyRog==
2025-09-15,https://www.mercadopublico.cl/Procurement/Modules/RFB/StepsProcessAward/PreviewAwardAct.aspx?qs=Uyqu3XW+CeLx/Kcd/eyRog==,23,85121902,Farmacias,TETRABENAZINA 25 MG COMPRIMIDO,1440,7.152.480,7152480.0,YES,Awarded,96.945.670-2 NOVOFARMA SERVICE S A,4967.0,7152480.0,https://www.mercadopublico.cl/Procurement/Modules/RFB/DetailsAcquisition.aspx?qs=Uyqu3XW+CeLx/Kcd/eyRog==
2025-09-15,https://www.mercadopublico.cl/Procurement/Modules/RFB/StepsProcessAward/PreviewAwardAct.aspx?qs=Uyqu3XW+CeLx/Kcd/eyRog==,24,85121902,Farmacias,"TOCILIZUMAB SOLUCIÓN PARA INYECCIÓN 162 MG / 0,9 ML JERINGA PRELLENADA",480,93.600.000,93600000.0,YES,Awarded,76.111.113-2 CLINICAL MARKET S.A.,195000.0,93600000.0,https://www.mercadopublico.cl/Procurement/Modules/RFB/DetailsAcquisition.aspx?qs=Uyqu3XW+CeLx/Kcd/eyRog==
2025-09-15,https://www.mercadopublico.cl/Procurement/Modules/RFB/StepsProcessAward/PreviewAwardAct.aspx?qs=Uyqu3XW+CeLx/Kcd/eyRog==,25,85121902,Farmacias,UPADACITINIB 15 MG COMPRIMIDO RECUBIERTO DE LIBERACIÓN PROLONGADA,1440,26.838.720,26838720.0,YES,Awarded,76.212.732-6 ABBVIE PRODUCTOS FARMACEUTICOS LIMITADA,18638.0,26838720.0,https://www.mercadopublico.cl/Procurement/Modules/RFB/DetailsAcquisition.aspx?qs=Uyqu3XW+CeLx/Kcd/eyRog==
2025-09-15,https://www.mercadopublico.cl/Procurement/Modules/RFB/StepsProcessAward/PreviewAwardAct.aspx?qs=Uyqu3XW+CeLx/Kcd/eyRog==,26,85121902,Farmacias,UPADACITINIB 30 MG COMPRIMIDO RECUBIERTO LIBERACIÓN PROLONGADA,1440,53.676.000,53676000.0,YES,Awarded,76.212.732-6 ABBVIE PRODUCTOS FARMACEUTICOS LIMITADA,37275.0,53676000.0,https://www.mercadopublico.cl/Procurement/Modules/RFB/DetailsAcquisition.aspx?qs=Uyqu3XW+CeLx/Kcd/eyRog==
2025-09-15,https://www.mercadopublico.cl/Procurement/Modules/RFB/StepsProcessAward/PreviewAwardAct.aspx?qs=Uyqu3XW+CeLx/Kcd/eyRog==,27,85121902,Farmacias,UPADACITINIB 45 MG COMPRIMIDO RECUBIERTO LIBERACIÓN PROLONGADA,1440,80.513.280,80513280.0,YES,Awarded,76.212.732-6 ABBVIE PRODUCTOS FARMACEUTICOS LIMITADA,55912.0,80513280.0,https://www.mercadopublico.cl/Procurement/Modules/RFB/DetailsAcquisition.aspx?qs=Uyqu3XW+CeLx/Kcd/eyRog==
2025-09-15,https://www.mercadopublico.cl/Procurement/Modules/RFB/StepsProcessAward/PreviewAwardAct.aspx?qs=Uyqu3XW+CeLx/Kcd/eyRog==,28,85121902,Farmacias,USTEKINUMAB SOLUCIÓN INYECTABLE 90 MG/ML JERINGA PRELLENADA,29,63.945.000,63945000.0,YES,Awarded,93.745.000-1 JOHNSON Y JOHNSON DE CHILE S A,2205000.0,63945000.0,https://www.mercadopublico.cl/Procurement/Modules/RFB/DetailsAcquisition.aspx?qs=Uyqu3XW+CeLx/Kcd/eyRog==
2025-03-20,https://www.mercadopublico.cl/Procurement/Modules/RFB/StepsProcessAward/PreviewAwardAct.aspx?qs=dv/IkNT9jYUlKcOBPvYG/A==,1,51111716,Rituximab,"3002169967 TOCILIZUMAB 162 MG/0,9ML SOLUCIÓN INYECTABLE JERINGA",270,39.010.140,39010140.0,YES,Awarded,82.999.400-3 ROCHE CHILE LIMITADA,144482.0,39010140.0,https://www.mercadopublico.cl/Procurement/Modules/RFB/DetailsAcquisition.aspx?qs=dv/IkNT9jYUlKcOBPvYG/A==
,https://www.mercadopublico.cl/Procurement/Modules/RFB/StepsProcessAward/PreviewAwardAct.aspx?qs=nuOToVNnRDpZ04IQbScruw==,2,42171903,Cajas de medicamentos de servicios médicos de urgencia,"BREXPIPRAZOL 0,5 MG COM RECUBIERTO, SEGUN ART. 1 DE LAS BASES TECNICAS",4500,2.947.500,2947500.0,YES,Awarded,94.544.000-7 MEGALABS CHILE S.A,655.0,2947500.0,https://www.mercadopublico.cl/Procurement/Modules/RFB/DetailsAcquisition.aspx?qs=nuOToVNnRDpZ04IQbScruw==
,https://www.mercadopublico.cl/Procurement/Modules/RFB/StepsProcessAward/PreviewAwardAct.aspx?qs=nuOToVNnRDpZ04IQbScruw==,3,42171903,Cajas de medicamentos de servicios médicos de urgencia,"BREXPIPRAZOL 2 MG COM RECUBIERTO, SEGUN ART. 1 DE LAS BASES TECNICAS",3500,3.727.500,3727500.0,YES,Awarded,94.544.000-7 MEGALABS CHILE S.A,1065.0,3727500.0,https://www.mercadopublico.cl/Procurement/Modules/RFB/DetailsAcquisition.aspx?qs=nuOToVNnRDpZ04IQbScruw==
,https://www.mercadopublico.cl/Procurement/Modules/RFB/StepsProcessAward/PreviewAwardAct.aspx?qs=nuOToVNnRDpZ04IQbScruw==,4,51141631,Clorhidrato de bupropión,"BUPROPION 150 MG COMPRIMIDO RECUBIERTO LIBERACIÓN PROLONGADA,SEGUN ART. 1 DE LAS BASES TECNICAS",105000,14.700.000,14700000.0,YES,Awarded,90.073.000-4 INSTITUTO SANITAS S A,140.0,14700000.0,https://www.mercadopublico.cl/Procurement/Modules/RFB/DetailsAcquisition.aspx?qs=nuOToVNnRDpZ04IQbScruw==
,https://www.mercadopublico.cl/Procurement/Modules/RFB/StepsProcessAward/PreviewAwardAct.aspx?qs=nuOToVNnRDpZ04IQbScruw==,5,51101603,Metronidazol,"FLUPENTIXOL DECANOATO 20 MG/ML AMPOLLA, SEGUN ART. 1 DE LAS BASES TECNICAS",800,20.552.000,20552000.0,YES,Awarded,76.830.090-9 FARMACEUTICA CARIBEAN SPA,25690.0,20552000.0,https://www.mercadopublico.cl/Procurement/Modules/RFB/DetailsAcquisition.aspx?qs=nuOToVNnRDpZ04IQbScruw==
,https://www.mercadopublico.cl/Procurement/Modules/RFB/StepsProcessAward/PreviewAwardAct.aspx?qs=nuOToVNnRDpZ04IQbScruw==,6,51141916,Lorazepam,"LORAZEPAM 4 MG/2 ML SOLUCIÓN INYECTABLE AMPOLLA, SEGUN ART. 1 DE LAS BASES TECNICAS",50000,48.400.000,48400000.0,YES,Awarded,88.597.500-3 LABORATORIO BIOSANO S A,968.0,48400000.0,https://www.mercadopublico.cl/Procurement/Modules/RFB/DetailsAcquisition.aspx?qs=nuOToVNnRDpZ04IQbScruw==
,https://www.mercadopublico.cl/Procurement/Modules/RFB/StepsProcessAward/PreviewAwardAct.aspx?qs=nuOToVNnRDpZ04IQbScruw==,7,73101701,Servicios de producción de medicamentos o medicinas,"LURASIDONA 20 MG COMPRIMIDO, SEGUN ART. 1 DE LAS BASES TECNICAS",4500,3.568.500,3568500.0,YES,Awarded,76.453.466-2 GADORPHARMA SPA,793.0,3568500.0,https://www.mercadopublico.cl/Procurement/Modules/RFB/DetailsAcquisition.aspx?qs=nuOToVNnRDpZ04IQbScruw==
,https://www.mercadopublico.cl/Procurement/Modules/RFB/StepsProcessAward/PreviewAwardAct.aspx?qs=nuOToVNnRDpZ04IQbScruw==,8,73101701,Servicios de producción de medicamentos o medicinas,"LURASIDONA 40 MG COMPRIMIDO, SEGUN ART. 1 DE LAS BASES TECNICAS",4500,4.563.000,4563000.0,YES,Awarded,76.453.466-2 GADORPHARMA SPA,1014.0,4563000.0,https://www.mercadopublico.cl/Procurement/Modules/RFB/DetailsAcquisition.aspx?qs=nuOToVNnRDpZ04IQbScruw==
,https://www.mercadopublico.cl/Procurement/Modules/RFB/StepsProcessAward/PreviewAwardAct.aspx?qs=nuOToVNnRDpZ04IQbScruw==,9,51141703,Olanzapina,"OLANZAPINA 10 MG COMPRIMIDO BUCODISPERSABLE, SEGUN ART. 1 DE LAS BASES TECNICAS",30000,22.290.000,22290000.0,YES,Awarded,94.544.000-7 MEGALABS CHILE S.A,743.0,22290000.0,https://www.mercadopublico.cl/Procurement/Modules/RFB/DetailsAcquisition.aspx?qs=nuOToVNnRDpZ04IQbScruw==
,https://www.mercadopublico.cl/Procurement/Modules/RFB/StepsProcessAward/PreviewAwardAct.aspx?qs=nuOToVNnRDpZ04IQbScruw==,10,51141704,Risperidona,"RISPERIDONA 37,5 MG POLVO PARA SUSPENSION INYECTABLE DE LIBERACIÓN PROLONGADA FRASCO AMPOLLA, SEGUN ART. 1 DE LAS BASES TECNICAS",100,8.205.900,8205900.0,YES,Awarded,99.565.040-1 LABORATORIOS KAMPAR S A,82059.0,8205900.0,https://www.mercadopublico.cl/Procurement/Modules/RFB/DetailsAcquisition.aspx?qs=nuOToVNnRDpZ04IQbScruw==
,https://www.mercadopublico.cl/Procurement/Modules/RFB/StepsProcessAward/PreviewAwardAct.aspx?qs=nuOToVNnRDpZ04IQbScruw==,13,51141722,Fumarato de quetiapina,"ZUCLOPENTIXOL ACETATO 50 MG/ML AMPOLLA, SEGUN ART. 1 DE LAS BASES TECNICAS",800,27.912.000,27912000.0,YES,Awarded,76.830.090-9 FARMACEUTICA CARIBEAN SPA,34890.0,27912000.0,https://www.mercadopublico.cl/Procurement/Modules/RFB/DetailsAcquisition.aspx?qs=nuOToVNnRDpZ04IQbScruw==
,https://www.mercadopublico.cl/Procurement/Modules/RFB/StepsProcessAward/PreviewAwardAct.aspx?qs=nuOToVNnRDpZ04IQbScruw==,14,51141606,Hidrocloruro de trazodona,"TRAZODONA 25 MG COMPRIMIDO, SEGUN ART. 1 DE LAS BASES TECNICAS",9000,6.237.000,6237000.0,YES,Awarded,77.596.940-7 LABORATORIO CHILE S A,693.0,6237000.0,https://www.mercadopublico.cl/Procurement/Modules/RFB/DetailsAcquisition.aspx?qs=nuOToVNnRDpZ04IQbScruw==
